,trades_id,trades_timestamp,trades_gasPrice,trades_feeAmount,trades_txHash,trades_settlement_id,trades_sellAmount,sell_token_decimal,trades_buyAmount,buy_token_decimal,trades_sellToken_id,trades_buyToken_id,trades_order_id,sell_token_symbol,buy_token_symbol,sell_amount,buy_amount,cow_sell_buy_ratio,univ3_blockMax,univ3_Out_amount,weighted_ratio,univ3_vwap
0,0x701a0176715a23bd53609b012f7bd58b67d503087c531df3d0d275cf6780820acbe203901e2f3ca910558efba39a48af89e3c55863fc73be|0xb9d34721a0da9ec11019805740abe5304f16fec3087bde92d2876788b0d544bc|121,1677487391,17033197478,10728549012072273920,0xb9d34721a0da9ec11019805740abe5304f16fec3087bde92d2876788b0d544bc,0xb9d34721a0da9ec11019805740abe5304f16fec3087bde92d2876788b0d544bc,80140774800720310238916,18,67751282514,6,0x5283d291dbcf85356a21ba090e6db59121208b44,0xa0b86991c6218b36c1d19d4a2e9eb0ce3606eb48,0x701a0176715a23bd53609b012f7bd58b67d503087c531df3d0d275cf6780820acbe203901e2f3ca910558efba39a48af89e3c55863fc73be,BLUR,USDC,80140.7748007203,67751.282514,1.1828672731643146,1.1837970101856519,6768.900881,8013.0046251708245,1.1837970101856519
1,0x80fcb44508ad58cc156422124f63ed9a9eb452030c45a20d07bee14e8727508f6d4ac258367dc87b219cd6025c6624199823528a63fd1718|0x472150c620c0773767e6c5d3e9cd2a92cf7e8eb2001fbea5a74c6b86e5be5421|176,1677484151,21094309984,0,0x472150c620c0773767e6c5d3e9cd2a92cf7e8eb2001fbea5a74c6b86e5be5421,0x472150c620c0773767e6c5d3e9cd2a92cf7e8eb2001fbea5a74c6b86e5be5421,30514028354,6,30518143245082152756689,18,0xdac17f958d2ee523a2206206994597c13d831ec7,0x6b175474e89094c44da98b954eedeac495271d0f,0x80fcb44508ad58cc156422124f63ed9a9eb452030c45a20d07bee14e8727508f6d4ac258367dc87b219cd6025c6624199823528a63fd1718,USDT,DAI,30514.028354,30518.143245082152,0.9998651657458612,0.9997532381673736,30518.143256958443,30510.612544,0.9997532381673736
2,0xb73d730b3fb39d57ecb8fc58ed443fc1e7d95dff0a15e47ce49fdc020f7631fe36cc7b13029b5dee4034745fb4f24034f3f2ffc663fc7602|0x3df3c991cf0dc85a69c833862c66114a60a1e269d5f3a9ef745a41d16c76fbd2|92,1677483707,15858459108,3255068885491244032,0x3df3c991cf0dc85a69c833862c66114a60a1e269d5f3a9ef745a41d16c76fbd2,0x3df3c991cf0dc85a69c833862c66114a60a1e269d5f3a9ef745a41d16c76fbd2,6161085427427419246920,18,12823960269097420856,18,0xc0c293ce456ff0ed870add98a0828dd4d2903dbf,0xc02aaa39b223fe8d0a0e5c4f27ead9083c756cc2,0xb73d730b3fb39d57ecb8fc58ed443fc1e7d95dff0a15e47ce49fdc020f7631fe36cc7b13029b5dee4034745fb4f24034f3f2ffc663fc7602,AURA,WETH,6161.085427427419,12.823960269097421,480.4354737650049,479.9054599990919,3.8494021459269794,1847.3491075625784,479.9054599990919
3,0x4f932d189954a3ed440d52840b058cd3da6465d4584bd9db7448aa792566a8cdbdc3922244608bdb27f619616e6aded5cc0c4e6a63fc61b8|0x151ed3ef9aabdbfeaa7d679deed658af23c0daf949d99a0542dcc819464090fc|161,1677482771,14915399317,13175076080,0x151ed3ef9aabdbfeaa7d679deed658af23c0daf949d99a0542dcc819464090fc,0x151ed3ef9aabdbfeaa7d679deed658af23c0daf949d99a0542dcc819464090fc,44761598529281,8,30000000000,6,0x2b591e99afe9f32eaa6214f7b7629768c40eeb39,0xa0b86991c6218b36c1d19d4a2e9eb0ce3606eb48,0x4f932d189954a3ed440d52840b058cd3da6465d4584bd9db7448aa792566a8cdbdc3922244608bdb27f619616e6aded5cc0c4e6a63fc61b8,HEX,USDC,447615.98529281,30000.0,14.920532843093667,14.917318377600601,10201.441775,152178.15486823,14.917318377600601
4,0xf1356cee8f424ecea9d6387870333cf4dafc244b7dbe956dc16de5b8491e6637582f09e431d249a986269a201ca5087dfe5a4efa63fc5f29|0x3f03fb68fe311cfe4d9d956115b27a84a54e592899fabc203d7a2a346d2855ba|119,1677482663,16673563590,0,0x3f03fb68fe311cfe4d9d956115b27a84a54e592899fabc203d7a2a346d2855ba,0x3f03fb68fe311cfe4d9d956115b27a84a54e592899fabc203d7a2a346d2855ba,7600000000,6,4639646061444369255,18,0xa0b86991c6218b36c1d19d4a2e9eb0ce3606eb48,0xc02aaa39b223fe8d0a0e5c4f27ead9083c756cc2,0xf1356cee8f424ecea9d6387870333cf4dafc244b7dbe956dc16de5b8491e6637582f09e431d249a986269a201ca5087dfe5a4efa63fc5f29,USDC,WETH,7600.0,4.6396460614443695,1638.0559851658256,1637.3969558003298,4.6396460614443695,7596.942337,1637.3969558003298
5,0x74d8acce7106fc9f6927ff472cf21fd76b23b2c54a1bb3cc686b8be5f932562f2b32547f67144dd3e359bf70043c8f0602987b1163fc6014|0x68a73df34e7b97faaf8086ce191a1ee26e3ddc4cea2abd2f0c4639695f9f52bf|110,1677482315,17133898324,35747849,0x68a73df34e7b97faaf8086ce191a1ee26e3ddc4cea2abd2f0c4639695f9f52bf,0x68a73df34e7b97faaf8086ce191a1ee26e3ddc4cea2abd2f0c4639695f9f52bf,2609987783813,6,2610113393526,6,0xdac17f958d2ee523a2206206994597c13d831ec7,0xa0b86991c6218b36c1d19d4a2e9eb0ce3606eb48,0x74d8acce7106fc9f6927ff472cf21fd76b23b2c54a1bb3cc686b8be5f932562f2b32547f67144dd3e359bf70043c8f0602987b1163fc6014,USDT,USDC,2609987.783813,2610113.393526,0.9999518757639759,0.9999706481415569,50001.467636,50000.0,0.9999706481415569
6,0x78425e9a2d09a176fff68ff18f82c4364d5c72f24960874aed820e15cd1cfbdcf44c1aac5ec121398aa87a2c1194c388318f595e63fc5d18|0xd19d6d281f66ccde6f6f52289d8107f2b5c39d2be588c39a87f5134ef9b2ee4d|193,1677481607,16655863523,5416498644880356,0xd19d6d281f66ccde6f6f52289d8107f2b5c39d2be588c39a87f5134ef9b2ee4d,0xd19d6d281f66ccde6f6f52289d8107f2b5c39d2be588c39a87f5134ef9b2ee4d,4000000000000000000,18,666662642978093837300785,18,0xc02aaa39b223fe8d0a0e5c4f27ead9083c756cc2,0x2de509bf0014ddf697b220be628213034d320ece,0x78425e9a2d09a176fff68ff18f82c4364d5c72f24960874aed820e15cd1cfbdcf44c1aac5ec121398aa87a2c1194c388318f595e63fc5d18,WETH,DBI,4.0,666662.6429780938,6.000036213415723e-06,5.995080714041059e-06,626331.5992526095,3.7549084912738127,5.995080714041059e-06
7,0x19858ca8da91b62793430c8c0a389c68dcb8df77a7c0d6140721f4aa626d02ddc0ed0c63c6878def53a2db73e54689971bb6cf7a63fc5a7f|0x16fc591e212957e9c94943f7a2057af21aaf08ed399fd3088b8deaddc3505eb2|120,1677480923,15832618412,5190394,0x16fc591e212957e9c94943f7a2057af21aaf08ed399fd3088b8deaddc3505eb2,0x16fc591e212957e9c94943f7a2057af21aaf08ed399fd3088b8deaddc3505eb2,5000000000,6,3775806498028117158362,18,0xa0b86991c6218b36c1d19d4a2e9eb0ce3606eb48,0x30d20208d987713f46dfd34ef128bb16c404d10f,0x19858ca8da91b62793430c8c0a389c68dcb8df77a7c0d6140721f4aa626d02ddc0ed0c63c6878def53a2db73e54689971bb6cf7a63fc5a7f,USDC,SD,5000.0,3775.806498028117,1.32422040234615,1.3233731513743257,3623.3296837104226,4795.017222,1.3233731513743257
8,0x741b1d3acfbfc755542c3b81f5f7cc3e6a0e1927e1a98885afbdde64dc94f20336cc7b13029b5dee4034745fb4f24034f3f2ffc663fc6636|0x33d7b315f8608da6fb166ab9a47c6aca1d61350a9a496b7d7fcdbc8d2a5365c6|107,1677479663,17247895648,1800839280514251776,0x33d7b315f8608da6fb166ab9a47c6aca1d61350a9a496b7d7fcdbc8d2a5365c6,0x33d7b315f8608da6fb166ab9a47c6aca1d61350a9a496b7d7fcdbc8d2a5365c6,5570829364194457774046,18,11839122214168690841,18,0xc0c293ce456ff0ed870add98a0828dd4d2903dbf,0xc02aaa39b223fe8d0a0e5c4f27ead9083c756cc2,0x741b1d3acfbfc755542c3b81f5f7cc3e6a0e1927e1a98885afbdde64dc94f20336cc7b13029b5dee4034745fb4f24034f3f2ffc663fc6636,AURA,WETH,5570.829364194457,11.839122214168691,470.5441217193841,472.67535174565904,3.0232779955194924,1429.028989957087,472.67535174565904
9,0x9a52649dff882b303955b86157be6e4518cc8f15d8c70af98c48c7461608357240a50cf069e992aa4536211b23f286ef88752187ffffffff|0x0b779efb949fe7cfbf1c3e7b2332a2bff71ce589759d1f51388196cae7d5e1d9|147,1677474791,16634732257,1971740850454151,0x0b779efb949fe7cfbf1c3e7b2332a2bff71ce589759d1f51388196cae7d5e1d9,0x0b779efb949fe7cfbf1c3e7b2332a2bff71ce589759d1f51388196cae7d5e1d9,7900000000000000000,18,12919146021,6,0xc02aaa39b223fe8d0a0e5c4f27ead9083c756cc2,0xa0b86991c6218b36c1d19d4a2e9eb0ce3606eb48,0x9a52649dff882b303955b86157be6e4518cc8f15d8c70af98c48c7461608357240a50cf069e992aa4536211b23f286ef88752187ffffffff,WETH,USDC,7.9,12919.146021,0.0006114955266515754,0.0006114937134986217,68684.27111,42.0,0.0006114937134986217
10,0x6dc4e955ece931f5698b44fc76beb91ce25cbb245da962e189e108b371c9e5de048ad0a6d74bade422ae4080f17fc311d3aaec8363fc3a86|0x420fdfd679323eec3ff855510929cb45c663778559571c7ee1f0051c075dee59|178,1677472739,16911479022,57675758342706864,0x420fdfd679323eec3ff855510929cb45c663778559571c7ee1f0051c075dee59,0x420fdfd679323eec3ff855510929cb45c663778559571c7ee1f0051c075dee59,32949414636842706864,18,1000000000000000000,18,0xd33526068d116ce69f19a9ee46f0bd304f21a51f,0xc02aaa39b223fe8d0a0e5c4f27ead9083c756cc2,0x6dc4e955ece931f5698b44fc76beb91ce25cbb245da962e189e108b371c9e5de048ad0a6d74bade422ae4080f17fc311d3aaec8363fc3a86,RPL,WETH,32.949414636842704,1.0,32.949414636842704,32.89173887857885,1.0,32.89173887857885,32.89173887857885
11,0x42599972b7801f808b73204a44f3c3ab81a15dbf991fcba47e67dc3d5de53247f6f6d531ed0f7fa18cae2c73b21aa853c765c4d863fd8476|0x5e952e39f49add39526be3b07f679386a8e54809459af8de1be6268f30c72ec4|98,1677472547,16701655701,0,0x5e952e39f49add39526be3b07f679386a8e54809459af8de1be6268f30c72ec4,0x5e952e39f49add39526be3b07f679386a8e54809459af8de1be6268f30c72ec4,70459658817373425641,18,115367310000,6,0xc02aaa39b223fe8d0a0e5c4f27ead9083c756cc2,0xa0b86991c6218b36c1d19d4a2e9eb0ce3606eb48,0x42599972b7801f808b73204a44f3c3ab81a15dbf991fcba47e67dc3d5de53247f6f6d531ed0f7fa18cae2c73b21aa853c765c4d863fd8476,WETH,USDC,70.45965881737342,115367.31,0.0006107419754987217,0.0006107727381990169,115358.21021,70.45764992369949,0.0006107727381990169
12,0xa2332af609beaf82af7cf72d3073213074ba12dc3330a1670e9647cef31a9fb145d243982bd493d34a2a383dc4c79fee0caea64863fc3893|0x9a2f8212035410d4effbb4a07e5a43cf1be5014f369005a63c57d126e359d814|95,1677472187,17272325296,5505712,0x9a2f8212035410d4effbb4a07e5a43cf1be5014f369005a63c57d126e359d814,0x9a2f8212035410d4effbb4a07e5a43cf1be5014f369005a63c57d126e359d814,5000000000,6,7555785679228,8,0xa0b86991c6218b36c1d19d4a2e9eb0ce3606eb48,0x2b591e99afe9f32eaa6214f7b7629768c40eeb39,0xa2332af609beaf82af7cf72d3073213074ba12dc3330a1670e9647cef31a9fb145d243982bd493d34a2a383dc4c79fee0caea64863fc3893,USDC,HEX,5000.0,75557.85679228,0.06617445507679973,0.06615602248754211,75495.6858076,4994.494288,0.06615602248754211
13,0x656851c040a9a11d1d8654e18c2e290d456dd0f32f851555fd1b811c33333501d82c1a5221544172ccb53211e48867c7c67d85f963fc36bc|0x4f583ceae61764f497a8463f12bb2c710f02ee41d1f0be679d86b45e322d4d04|1,1677471719,16710052777,48219595333,0x4f583ceae61764f497a8463f12bb2c710f02ee41d1f0be679d86b45e322d4d04,0x4f583ceae61764f497a8463f12bb2c710f02ee41d1f0be679d86b45e322d4d04,186428152016339,8,124978055959,6,0x2b591e99afe9f32eaa6214f7b7629768c40eeb39,0xa0b86991c6218b36c1d19d4a2e9eb0ce3606eb48,0x656851c040a9a11d1d8654e18c2e290d456dd0f32f851555fd1b811c33333501d82c1a5221544172ccb53211e48867c7c67d85f963fc36bc,HEX,USDC,1864281.52016339,124978.055959,14.916870852711789,14.9682264966069,51146.209975000005,763271.03870722,14.923315707660505
14,0x5132e100df0f7d3d25a7e1f14dbd7953d9be40fb1a0e8988d32b3a912ffde00640a50cf069e992aa4536211b23f286ef88752187ffffffff|0x9c348a7f22485c412d68039fb2e8a6c5c2c29a9fc795806c6bbaca6fbb76cd0a|110,1677471179,20792292326,4455534546105904,0x9c348a7f22485c412d68039fb2e8a6c5c2c29a9fc795806c6bbaca6fbb76cd0a,0x9c348a7f22485c412d68039fb2e8a6c5c2c29a9fc795806c6bbaca6fbb76cd0a,3168254143681098047,18,5188437465,6,0xc02aaa39b223fe8d0a0e5c4f27ead9083c756cc2,0xa0b86991c6218b36c1d19d4a2e9eb0ce3606eb48,0x5132e100df0f7d3d25a7e1f14dbd7953d9be40fb1a0e8988d32b3a912ffde00640a50cf069e992aa4536211b23f286ef88752187ffffffff,WETH,USDC,3.1682541436810983,5188.437465,0.0006106374346907732,0.0006102656839194641,14747.675049,9.0,0.0006102656839194641
15,0x1d446144c622509ef308a34cd6b15f55aa5df4a59f16461cce040849690d64b51fa3239184e2bbea3a3090cbb1d54d873bc9606b63fc2a9f|0x56a1a1fa17e4dd5a8b813c11f699e2d3fc0ae1512d878799474a3153bbc83cbc|163,1677468623,18478523236,21795786,0x56a1a1fa17e4dd5a8b813c11f699e2d3fc0ae1512d878799474a3153bbc83cbc,0x56a1a1fa17e4dd5a8b813c11f699e2d3fc0ae1512d878799474a3153bbc83cbc,29404405256,6,43210747174356,8,0xa0b86991c6218b36c1d19d4a2e9eb0ce3606eb48,0x2b591e99afe9f32eaa6214f7b7629768c40eeb39,0x1d446144c622509ef308a34cd6b15f55aa5df4a59f16461cce040849690d64b51fa3239184e2bbea3a3090cbb1d54d873bc9606b63fc2a9f,USDC,HEX,29404.405256,432107.47174356,0.06804882391260857,0.06791379903885501,325002.78938913,22067.826629,0.06790042224092392
16,0x082635e95d26ca9a1b5371455c21712ace3bc17efa45859cbeb881c59ac246aa1fa3239184e2bbea3a3090cbb1d54d873bc9606b63fc29cd|0xef9d667834fb67f953b9d9ce5221edd78b4dbe1b9597e86ffd54f1f0baf1cb2a|2,1677468419,17249710887,16624115026,0xef9d667834fb67f953b9d9ce5221edd78b4dbe1b9597e86ffd54f1f0baf1cb2a,0xef9d667834fb67f953b9d9ce5221edd78b4dbe1b9597e86ffd54f1f0baf1cb2a,44124209941356,8,29404405256,6,0x2b591e99afe9f32eaa6214f7b7629768c40eeb39,0xa0b86991c6218b36c1d19d4a2e9eb0ce3606eb48,0x082635e95d26ca9a1b5371455c21712ace3bc17efa45859cbeb881c59ac246aa1fa3239184e2bbea3a3090cbb1d54d873bc9606b63fc29cd,HEX,USDC,441242.09941356,29404.405256,15.005986197375107,15.02570538939015,16398.036011,246004.16756683,15.002050696913182
17,0x0aac534c05a034c4c557ea1794d9833a7d61933e8636c57271b7a8d3193df21fffab14b181409170378471b13ff2bff5be012c6463fc4c41|0x0dbad5eacd8bdef273c738f8965b3c9b36bb6b1f8c6d25772783c58734f4b030|127,1677468239,19059583047,6554386,0x0dbad5eacd8bdef273c738f8965b3c9b36bb6b1f8c6d25772783c58734f4b030,0x0dbad5eacd8bdef273c738f8965b3c9b36bb6b1f8c6d25772783c58734f4b030,145000000000,6,145050241518223353044167,18,0xa0b86991c6218b36c1d19d4a2e9eb0ce3606eb48,0x853d955acef822db058eb8505911ed77f175b99e,0x0aac534c05a034c4c557ea1794d9833a7d61933e8636c57271b7a8d3193df21fffab14b181409170378471b13ff2bff5be012c6463fc4c41,USDC,FRAX,145000.0,145050.24151822337,0.9996536267868464,0.9996084397831342,145050.24151802523,144993.445614,0.9996084397831342
18,0x222e766e4cc9a620d24134df32b5b70fd8e331e330f3d04d218cb9554103e6141fa3239184e2bbea3a3090cbb1d54d873bc9606b63fc27c3|0x2bfc4b6ecc0efb5705df071869cc4398b061247dec31301f9b6da60b4206aa09|6,1677467891,18178925541,11287549,0x2bfc4b6ecc0efb5705df071869cc4398b061247dec31301f9b6da60b4206aa09,0x2bfc4b6ecc0efb5705df071869cc4398b061247dec31301f9b6da60b4206aa09,24238764420,6,35780881487572,8,0xa0b86991c6218b36c1d19d4a2e9eb0ce3606eb48,0x2b591e99afe9f32eaa6214f7b7629768c40eeb39,0x222e766e4cc9a620d24134df32b5b70fd8e331e330f3d04d218cb9554103e6141fa3239184e2bbea3a3090cbb1d54d873bc9606b63fc27c3,USDC,HEX,24238.76442,357808.81487572,0.06774222269627148,0.06798469120837848,180106.35614588,12233.706132,0.06792489945269402
19,0x583a1d51054ed757e491955a0a96424686e8e28b3cf5c0b1aa88e409fa08d29e80555d80813357809c52da7a9845ca49a15ebc3a63fc24ed|0xfb4eb718f3c9df4a494d13c2a49233792a0cf382360a49afe5673b88134910c9|124,1677467195,18923423072,5790010,0xfb4eb718f3c9df4a494d13c2a49233792a0cf382360a49afe5673b88134910c9,0xfb4eb718f3c9df4a494d13c2a49233792a0cf382360a49afe5673b88134910c9,2000000000,6,2997351767525,8,0xa0b86991c6218b36c1d19d4a2e9eb0ce3606eb48,0x2b591e99afe9f32eaa6214f7b7629768c40eeb39,0x583a1d51054ed757e491955a0a96424686e8e28b3cf5c0b1aa88e409fa08d29e80555d80813357809c52da7a9845ca49a15ebc3a63fc24ed,USDC,HEX,2000.0,29973.51767525,0.06672556827227048,0.06675104239274732,29875.33854927,1994.2099899999998,0.06675104239274732
20,0x8f651748a6aabb05fd6d362209d7d96f4d3e86584760a6ed6f64a966d70a7a0c36fdb65d2d484b036ade6a2a418b05da0c848f1b63fc24c3|0x7356a65fd35fca4b0e476a2e30eb231672cda25159833e875d7cc1ea21402085|111,1677467111,18494714823,2338624289777786,0x7356a65fd35fca4b0e476a2e30eb231672cda25159833e875d7cc1ea21402085,0x7356a65fd35fca4b0e476a2e30eb231672cda25159833e875d7cc1ea21402085,18000000000000000000,18,29521897658,6,0xc02aaa39b223fe8d0a0e5c4f27ead9083c756cc2,0xa0b86991c6218b36c1d19d4a2e9eb0ce3606eb48,0x8f651748a6aabb05fd6d362209d7d96f4d3e86584760a6ed6f64a966d70a7a0c36fdb65d2d484b036ade6a2a418b05da0c848f1b63fc24c3,WETH,USDC,18.0,29521.897658,0.0006097169026369233,0.0006096620752501326,29520.71665,17.99766137571014,0.0006096620752501326
21,0xa2306970cea62762bfcbb4b81141e33769863d5b8727c9f00f57e4c72bc5e68136fdb65d2d484b036ade6a2a418b05da0c848f1b63fc246d|0x9e1f1e04206c7cd2a72560728d1e62766e1d9a2e36c1ad467673e770c11a32c4|131,1677467015,18047017565,1950128335847145,0x9e1f1e04206c7cd2a72560728d1e62766e1d9a2e36c1ad467673e770c11a32c4,0x9e1f1e04206c7cd2a72560728d1e62766e1d9a2e36c1ad467673e770c11a32c4,21156029896757465638,18,34701778569,6,0xc02aaa39b223fe8d0a0e5c4f27ead9083c756cc2,0xa0b86991c6218b36c1d19d4a2e9eb0ce3606eb48,0xa2306970cea62762bfcbb4b81141e33769863d5b8727c9f00f57e4c72bc5e68136fdb65d2d484b036ade6a2a418b05da0c848f1b63fc246d,WETH,USDC,21.156029896757467,34701.778569,0.0006096526105914552,0.000609596413825564,34701.778568,21.154079768421617,0.000609596413825564
22,0x987107c6dbf6d32b7cab8ec6e4f6008a4b6987209eb2e7b9d4be36711caeb6167372e0104e081b674b8a4b840e4cf9657d80b01763fc225d|0x3c439201af4d17578d3e7900e7d372a04c6bddb7980e3208e45cf65934f80c5b|111,1677466487,18142914526,5837649,0x3c439201af4d17578d3e7900e7d372a04c6bddb7980e3208e45cf65934f80c5b,0x3c439201af4d17578d3e7900e7d372a04c6bddb7980e3208e45cf65934f80c5b,1368342500,6,2104520389138,8,0xa0b86991c6218b36c1d19d4a2e9eb0ce3606eb48,0x2b591e99afe9f32eaa6214f7b7629768c40eeb39,0x987107c6dbf6d32b7cab8ec6e4f6008a4b6987209eb2e7b9d4be36711caeb6167372e0104e081b674b8a4b840e4cf9657d80b01763fc225d,USDC,HEX,1368.3425,21045.20389138,0.06501920851241863,0.06474182231886451,21045.20389138,1362.504851,0.06474182231886451
23,0x6a1b25bf0590c5b149bf485b2656647d064c8dafd61b1044791fc39890d70970ed0f979e9aab35126fc90667f53db3018ed30ef163fc21cf|0x14b2fa9c3759e0cf4e768eee2370562303e8c32de68194a396b73d44286b2ca9|100,1677466427,17362196579,21577984,0x14b2fa9c3759e0cf4e768eee2370562303e8c32de68194a396b73d44286b2ca9,0x14b2fa9c3759e0cf4e768eee2370562303e8c32de68194a396b73d44286b2ca9,25000000000,6,38633108195977,8,0xa0b86991c6218b36c1d19d4a2e9eb0ce3606eb48,0x2b591e99afe9f32eaa6214f7b7629768c40eeb39,0x6a1b25bf0590c5b149bf485b2656647d064c8dafd61b1044791fc39890d70970ed0f979e9aab35126fc90667f53db3018ed30ef163fc21cf,USDC,HEX,25000.0,386331.08195977,0.06471133483016864,0.0646647803956665,193137.76265197,12489.211008,0.0646647803956665
24,0xc136df96deea9175162faa0515e8cc91ed2b2000f27c55e3baab70ed6c85c2d776041b19713f5a0481b24a8bc2d90960bac1898963fc2134|0xc246437ed25bb3aa11ff7b1f0778af907341ed9caeb112e381b61d5b0809726f|119,1677466199,18737457981,26804257,0xc246437ed25bb3aa11ff7b1f0778af907341ed9caeb112e381b61d5b0809726f,0xc246437ed25bb3aa11ff7b1f0778af907341ed9caeb112e381b61d5b0809726f,34866502733,6,54382300460203,8,0xa0b86991c6218b36c1d19d4a2e9eb0ce3606eb48,0x2b591e99afe9f32eaa6214f7b7629768c40eeb39,0xc136df96deea9175162faa0515e8cc91ed2b2000f27c55e3baab70ed6c85c2d776041b19713f5a0481b24a8bc2d90960bac1898963fc2134,USDC,HEX,34866.502733,543823.00460203,0.06411369588624763,0.06411671487040879,357190.41188072,22901.875793000003,0.06411671487040879
25,0x105b823f3e6eee0a57ec1f16f357d23d877995675efd84a4239dde30ef7bcb0bffa820ee183f164ad57c7906e8796283052f753063fc1874|0x8bc203c7dc3f7a65fa886f8c97dc10088676d3f5053973f976815bfaeff8cc5f|11,1677465659,20843996583,10983698,0x8bc203c7dc3f7a65fa886f8c97dc10088676d3f5053973f976815bfaeff8cc5f,0x8bc203c7dc3f7a65fa886f8c97dc10088676d3f5053973f976815bfaeff8cc5f,36040541510,6,58323144882331,8,0xa0b86991c6218b36c1d19d4a2e9eb0ce3606eb48,0x2b591e99afe9f32eaa6214f7b7629768c40eeb39,0x105b823f3e6eee0a57ec1f16f357d23d877995675efd84a4239dde30ef7bcb0bffa820ee183f164ad57c7906e8796283052f753063fc1874,USDC,HEX,36040.54151,583231.44882331,0.061794578434878754,0.06191811326756817,535425.8789403699,33082.463936,0.06178719639303123
26,0x65f92e12195b1e8bf82fa8f8465592ea488e3c768479d338895a6b2f638e4f71f67140917072b423f52961aa71ea76f5170fb2fc63fc1e79|0x000fe6d784cdd2cae74c7b70ddb93db2971b1a74d1d5b9d2c6264d99ba56f924|124,1677465515,19700095084,7721015,0x000fe6d784cdd2cae74c7b70ddb93db2971b1a74d1d5b9d2c6264d99ba56f924,0x000fe6d784cdd2cae74c7b70ddb93db2971b1a74d1d5b9d2c6264d99ba56f924,1000000000,6,1666087520395,8,0xa0b86991c6218b36c1d19d4a2e9eb0ce3606eb48,0x2b591e99afe9f32eaa6214f7b7629768c40eeb39,0x65f92e12195b1e8bf82fa8f8465592ea488e3c768479d338895a6b2f638e4f71f67140917072b423f52961aa71ea76f5170fb2fc63fc1e79,USDC,HEX,1000.0,16660.87520395,0.06002085651316311,0.06106597030199702,162324.44929604,9912.5,0.06106597030199702
27,0x4548db85c6dfea6f8b042d8b037db208cac2587b365d46c8ddadea06374a173940a50cf069e992aa4536211b23f286ef88752187ffffffff|0x6f7792ae9457fac464860f3be2389cc064a6feee3bede48a1786d1f404494ac2|117,1677465479,19814847274,2210653580463815,0x6f7792ae9457fac464860f3be2389cc064a6feee3bede48a1786d1f404494ac2,0x6f7792ae9457fac464860f3be2389cc064a6feee3bede48a1786d1f404494ac2,200000000000000000,18,325564787,6,0xc02aaa39b223fe8d0a0e5c4f27ead9083c756cc2,0xa0b86991c6218b36c1d19d4a2e9eb0ce3606eb48,0x4548db85c6dfea6f8b042d8b037db208cac2587b365d46c8ddadea06374a173940a50cf069e992aa4536211b23f286ef88752187ffffffff,WETH,USDC,0.2,325.564787,0.0006143170514322238,0.0006077194525468652,362091.514336,220.05005686413932,0.0006077194525468652
28,0xec9222d241ca4c9126be839985cda55668f5d2ad6443f551d2d733b95baf4b44f4926a9e61506974c85f79fd121b03b589ee08f363fc1e5e|0x6f7792ae9457fac464860f3be2389cc064a6feee3bede48a1786d1f404494ac2|117,1677465479,19814847274,7102120,0x6f7792ae9457fac464860f3be2389cc064a6feee3bede48a1786d1f404494ac2,0x6f7792ae9457fac464860f3be2389cc064a6feee3bede48a1786d1f404494ac2,300000000,6,486400477613,8,0xa0b86991c6218b36c1d19d4a2e9eb0ce3606eb48,0x2b591e99afe9f32eaa6214f7b7629768c40eeb39,0xec9222d241ca4c9126be839985cda55668f5d2ad6443f551d2d733b95baf4b44f4926a9e61506974c85f79fd121b03b589ee08f363fc1e5e,USDC,HEX,300.0,4864.00477613,0.061677571015605004,0.06042623089306575,251407.99921103,15190.142334,0.060420282495663585
29,0xa7df2c42eea07740ad2706b4fc21951102dcea17e916e6eb89185e7d06c5171e40a50cf069e992aa4536211b23f286ef88752187ffffffff|0x4a5b9c041bbdfcbd814f5efcc757f3b3051d55b7a407ee2384c7e264a1308ccb|115,1677465107,18015166691,4248616245333601,0x4a5b9c041bbdfcbd814f5efcc757f3b3051d55b7a407ee2384c7e264a1308ccb,0x4a5b9c041bbdfcbd814f5efcc757f3b3051d55b7a407ee2384c7e264a1308ccb,6000000000000000000,18,11273539959495771379700,18,0xc02aaa39b223fe8d0a0e5c4f27ead9083c756cc2,0x5283d291dbcf85356a21ba090e6db59121208b44,0xa7df2c42eea07740ad2706b4fc21951102dcea17e916e6eb89185e7d06c5171e40a50cf069e992aa4536211b23f286ef88752187ffffffff,WETH,BLUR,6.0,11273.53995949577,0.0005322196951052774,0.0005321086589577916,9915.75898809539,5.276261217704107,0.0005321086589577916
30,0xec0a1c1042c3b3de0fdf60ee02552de9c4b78e48a17270d5dba889f6a6b9a14cfbe87d602f7d7dd511349be4acf58842392124a064054e9e|0x959a1070b10632dc43ec80feada2138b52f0ccf5c056e9f53f916b1abfd8357a|101,1677464675,20524530552,0,0x959a1070b10632dc43ec80feada2138b52f0ccf5c056e9f53f916b1abfd8357a,0x959a1070b10632dc43ec80feada2138b52f0ccf5c056e9f53f916b1abfd8357a,50000000000,6,30435807194691299593,18,0xa0b86991c6218b36c1d19d4a2e9eb0ce3606eb48,0xc02aaa39b223fe8d0a0e5c4f27ead9083c756cc2,0xec0a1c1042c3b3de0fdf60ee02552de9c4b78e48a17270d5dba889f6a6b9a14cfbe87d602f7d7dd511349be4acf58842392124a064054e9e,USDC,WETH,50000.0,30.4358071946913,1642.801837985133,1643.1806543441523,21.158506129611634,34767.247947,1643.1806543441523
31,0xd058242f8eb7b1d3d952c26e534e1ded528c2db6936ecb57e2905c8fb0309d14e995e2a9ae5210feb6dd07618af28ec38b2d7ce163fc1ada|0x44dc328db4f5e0590ea04023daaf106426ee249ac2df368b5012b0d9c4f7f247|106,1677464579,17696025209,8026407403588501504,0x44dc328db4f5e0590ea04023daaf106426ee249ac2df368b5012b0d9c4f7f247,0x44dc328db4f5e0590ea04023daaf106426ee249ac2df368b5012b0d9c4f7f247,16969028323516547596288,18,14767414198,6,0x5283d291dbcf85356a21ba090e6db59121208b44,0xa0b86991c6218b36c1d19d4a2e9eb0ce3606eb48,0xd058242f8eb7b1d3d952c26e534e1ded528c2db6936ecb57e2905c8fb0309d14e995e2a9ae5210feb6dd07618af28ec38b2d7ce163fc1ada,BLUR,USDC,16969.028323516548,14767.414198,1.1490859602092505,1.1485424386897771,14767.414198,16961.00191611296,1.1485424386897771
32,0x978507292e986ddbc530c4b3db515347d386809456e9e15a6c344ea9e999e4324cdaa994366dc62230e0acd5fa10a4ab575190b263fc1720|0x18ffb44a1a0a216515edc991d7fab7fa3fd3935991cc4fbd4b850aabc2f53194|102,1677463679,26458045887,10122985,0x18ffb44a1a0a216515edc991d7fab7fa3fd3935991cc4fbd4b850aabc2f53194,0x18ffb44a1a0a216515edc991d7fab7fa3fd3935991cc4fbd4b850aabc2f53194,15000000000,6,9108441245275454203,18,0xa0b86991c6218b36c1d19d4a2e9eb0ce3606eb48,0xc02aaa39b223fe8d0a0e5c4f27ead9083c756cc2,0x978507292e986ddbc530c4b3db515347d386809456e9e15a6c344ea9e999e4324cdaa994366dc62230e0acd5fa10a4ab575190b263fc1720,USDC,WETH,15000.0,9.108441245275454,1646.8240389408556,1645.7126539382011,9.108441245273971,14989.877015,1645.7126539382011
33,0xde831c82a42c3bc16c1345e92dd9c7338798d7c89f297c2d235f727faffb59c0f6f6d531ed0f7fa18cae2c73b21aa853c765c4d863fd60ce|0x605b12b0487b78db8c0d4f05e735e3345a18ab71d57f85885c007123d15202cd|137,1677463451,29158079698,0,0x605b12b0487b78db8c0d4f05e735e3345a18ab71d57f85885c007123d15202cd,0x605b12b0487b78db8c0d4f05e735e3345a18ab71d57f85885c007123d15202cd,115367310227,6,70025255907500599140,18,0xa0b86991c6218b36c1d19d4a2e9eb0ce3606eb48,0xc02aaa39b223fe8d0a0e5c4f27ead9083c756cc2,0xde831c82a42c3bc16c1345e92dd9c7338798d7c89f297c2d235f727faffb59c0f6f6d531ed0f7fa18cae2c73b21aa853c765c4d863fd60ce,USDC,WETH,115367.310227,70.0252559075006,1647.5100123788723,1647.3398864851738,49.6199099589307,81739.783346,1647.3182521623721
34,0xd9033038ad1b835092029c8d6e4dc6edc2d997484d2839b4cd5891e52f3809f5f6f6d531ed0f7fa18cae2c73b21aa853c765c4d863fd5a80|0x11918151bcfa1101b7aeb6be19ca21e31419f5df8b55136a5c4fdbd739878f4d|193,1677461867,20663380427,0,0x11918151bcfa1101b7aeb6be19ca21e31419f5df8b55136a5c4fdbd739878f4d,0x11918151bcfa1101b7aeb6be19ca21e31419f5df8b55136a5c4fdbd739878f4d,179193916000,6,109382553730419268638,18,0xa0b86991c6218b36c1d19d4a2e9eb0ce3606eb48,0xc02aaa39b223fe8d0a0e5c4f27ead9083c756cc2,0xd9033038ad1b835092029c8d6e4dc6edc2d997484d2839b4cd5891e52f3809f5f6f6d531ed0f7fa18cae2c73b21aa853c765c4d863fd5a80,USDC,WETH,179193.916,109.38255373041927,1638.2312342207292,1638.2150003921888,7.381918029327755,12093.041753,1638.1977834155482
35,0x2e9fa9669f7665b1801e9d85a0786dd4ab5e8df1c7baac28e1bfacd56f426cd376041b19713f5a0481b24a8bc2d90960bac1898963fc0a17|0xc18b607ef17095b6e60a94d7ea5329d251939a566fe4d8276ad381924a1de7d3|122,1677460295,19299983279,38953733091,0xc18b607ef17095b6e60a94d7ea5329d251939a566fe4d8276ad381924a1de7d3,0xc18b607ef17095b6e60a94d7ea5329d251939a566fe4d8276ad381924a1de7d3,59917880959163,8,34866502733,6,0x2b591e99afe9f32eaa6214f7b7629768c40eeb39,0xa0b86991c6218b36c1d19d4a2e9eb0ce3606eb48,0x2e9fa9669f7665b1801e9d85a0786dd4ab5e8df1c7baac28e1bfacd56f426cd376041b19713f5a0481b24a8bc2d90960bac1898963fc0a17,HEX,USDC,599178.80959163,34866.502733,17.18494149470652,17.170466953125644,22079.971894,379123.42773187,17.170466953125644
36,0x353fe736706c82ed3daae7016b7105f3ef186cb325aba9bae22dc018049e317240a50cf069e992aa4536211b23f286ef88752187ffffffff|0x061c6f74a8bb4912af50ea64cbf9d6dcbe7f1586c18db822810653a683476692|131,1677459491,20452281921,27752157598342320,0x061c6f74a8bb4912af50ea64cbf9d6dcbe7f1586c18db822810653a683476692,0x061c6f74a8bb4912af50ea64cbf9d6dcbe7f1586c18db822810653a683476692,50824221212742331356,18,302763603792312612844280,18,0xc02aaa39b223fe8d0a0e5c4f27ead9083c756cc2,0x375abb85c329753b1ba849a601438ae77eec9893,0x353fe736706c82ed3daae7016b7105f3ef186cb325aba9bae22dc018049e317240a50cf069e992aa4536211b23f286ef88752187ffffffff,WETH,PDT,50.82422121274233,302763.6037923126,0.000167867671596373,0.0001677645787125496,52987.24052996551,8.889382084650197,0.0001677645787125496
37,0x54a5e591d4c8e61120a2f12990c812d59e282038f8ea87e5f1068e807b5f55498b40b81f83fec3dd68a0de41be39be2d5a52c04d63fc00aa|0x69fe1d12e3c2d41844129b1a27d3d65bf54491fb98fd78ca37bd8eca8befc468|1,1677457871,26141938168,6290273435008412,0x69fe1d12e3c2d41844129b1a27d3d65bf54491fb98fd78ca37bd8eca8befc468,0x69fe1d12e3c2d41844129b1a27d3d65bf54491fb98fd78ca37bd8eca8befc468,700000000000000000,18,1137526989,6,0xc02aaa39b223fe8d0a0e5c4f27ead9083c756cc2,0xa0b86991c6218b36c1d19d4a2e9eb0ce3606eb48,0x54a5e591d4c8e61120a2f12990c812d59e282038f8ea87e5f1068e807b5f55498b40b81f83fec3dd68a0de41be39be2d5a52c04d63fc00aa,WETH,USDC,0.7,1137.526989,0.0006153700147504807,0.000611142465543854,1572.627765,0.9610996096848206,0.000611142465543854
38,0x92b3139a2ee4eb50cd86bff8d6ee32259e8bee8f01b91b71f53cd8b0d2b91b8dcbdc53d424d5a2e5fef1776997352f10212c988363fc0cb6|0xafaf6fe77cc1a9068670e1c42de5e49085d2adb7d13337cb334db3f8f78540cd|102,1677456767,27598110857,5560952448140647,0xafaf6fe77cc1a9068670e1c42de5e49085d2adb7d13337cb334db3f8f78540cd,0xafaf6fe77cc1a9068670e1c42de5e49085d2adb7d13337cb334db3f8f78540cd,2962819370948430238,18,1365123460034981046460,18,0xc02aaa39b223fe8d0a0e5c4f27ead9083c756cc2,0xc0c293ce456ff0ed870add98a0828dd4d2903dbf,0x92b3139a2ee4eb50cd86bff8d6ee32259e8bee8f01b91b71f53cd8b0d2b91b8dcbdc53d424d5a2e5fef1776997352f10212c988363fc0cb6,WETH,AURA,2.9628193709484303,1365.123460034981,0.0021703673386966106,0.0021662937493024848,1365.1234600351333,2.95725841850029,0.0021662937493024848
39,0x7e21f9c813cae543633b5a7d94688aa982ad2e1583833fc5bc51cd52e219cb99b357805b223e8b61e2adf5b3c79369f436995db863fbf6ed|0x3a5cdb4da55ff6e06004a45e3483025daf638dda8b1cb7da61d9d232d79ee35d|113,1677455387,31102986613,12465298760575950848,0x3a5cdb4da55ff6e06004a45e3483025daf638dda8b1cb7da61d9d232d79ee35d,0x3a5cdb4da55ff6e06004a45e3483025daf638dda8b1cb7da61d9d232d79ee35d,10721805555555554523517,18,10707751323,6,0x6b175474e89094c44da98b954eedeac495271d0f,0xa0b86991c6218b36c1d19d4a2e9eb0ce3606eb48,0x7e21f9c813cae543633b5a7d94688aa982ad2e1583833fc5bc51cd52e219cb99b357805b223e8b61e2adf5b3c79369f436995db863fbf6ed,DAI,USDC,10721.805555555555,10707.751323,1.0013125288523805,1.0002172094824728,11082.650533,11084.320892457059,1.0001507184091103
40,0xe104cec1bbc6866b4d492cf5de1fa4fa8e1fcb9492573d36c59e0d232f6fd7bff2c5d68cc0a12c7b6ca6c07450fa6e3611d88f6c63fd386c|0x6d280d6b66b42a207ff2fa33f9d0253e03d4cd96efe0260adfb635be4eaa1270|168,1677453599,22246489991,0,0x6d280d6b66b42a207ff2fa33f9d0253e03d4cd96efe0260adfb635be4eaa1270,0x6d280d6b66b42a207ff2fa33f9d0253e03d4cd96efe0260adfb635be4eaa1270,5000500000,6,5008536240,6,0xdac17f958d2ee523a2206206994597c13d831ec7,0xa0b86991c6218b36c1d19d4a2e9eb0ce3606eb48,0xe104cec1bbc6866b4d492cf5de1fa4fa8e1fcb9492573d36c59e0d232f6fd7bff2c5d68cc0a12c7b6ca6c07450fa6e3611d88f6c63fd386c,USDT,USDC,5000.5,5008.53624,0.9983954912942787,0.9999668525813356,2943.94014,2943.842546,0.9999668491900788
41,0x0e5fb6a504dd550cd080af2686431d15f29943f608febe6a8c14ff9be259169ccd79272e57a870c0b1f69a8c840244364c4a026063fbe84c|0x0e075252a5379978664fe7020aeb2dabc7fb31475b5e8c695d75c7b588c723ab|175,1677451643,27170854376,11256455,0x0e075252a5379978664fe7020aeb2dabc7fb31475b5e8c695d75c7b588c723ab,0x0e075252a5379978664fe7020aeb2dabc7fb31475b5e8c695d75c7b588c723ab,500000000,6,1791917619749771987957,18,0xa0b86991c6218b36c1d19d4a2e9eb0ce3606eb48,0x375abb85c329753b1ba849a601438ae77eec9893,0x0e5fb6a504dd550cd080af2686431d15f29943f608febe6a8c14ff9be259169ccd79272e57a870c0b1f69a8c840244364c4a026063fbe84c,USDC,PDT,500.0,1791.917619749772,0.2790306844964342,0.2727488918091276,1791.917619749772,488.743545,0.2727488918091276
42,0x920216272a4802e03f526c13d98c4b189efcc0265138ca81b01b663319cb1ad6b95a4a55e7d67e255ac0a3d999891883a32cd4c763fbe57e|0xf7095eaa88abcb0a41f15cb0a35d801fcc2bc7b9266e1a9bf229605c1970010b|122,1677450923,25372428029,35560130236,0xf7095eaa88abcb0a41f15cb0a35d801fcc2bc7b9266e1a9bf229605c1970010b,0xf7095eaa88abcb0a41f15cb0a35d801fcc2bc7b9266e1a9bf229605c1970010b,36858540991162,8,21415820250,6,0x2b591e99afe9f32eaa6214f7b7629768c40eeb39,0xa0b86991c6218b36c1d19d4a2e9eb0ce3606eb48,0x920216272a4802e03f526c13d98c4b189efcc0265138ca81b01b663319cb1ad6b95a4a55e7d67e255ac0a3d999891883a32cd4c763fbe57e,HEX,USDC,368585.40991162,21415.82025,17.21089389100658,17.213696299340747,20545.085582,353500.61626489006,17.206091201420925
43,0xbad21f7aad9f881858b012d11755cf972042744cab83852b861478aa9bba394bf6f6d531ed0f7fa18cae2c73b21aa853c765c4d863fd2ea5|0x099253638a2ffa5e42d3a7324d41fde09faf166d211c83b6c28d076e0f6694df|321,1677450611,27642482145,0,0x099253638a2ffa5e42d3a7324d41fde09faf166d211c83b6c28d076e0f6694df,0x099253638a2ffa5e42d3a7324d41fde09faf166d211c83b6c28d076e0f6694df,70893150165135253218,18,115367310000,6,0xc02aaa39b223fe8d0a0e5c4f27ead9083c756cc2,0xa0b86991c6218b36c1d19d4a2e9eb0ce3606eb48,0xbad21f7aad9f881858b012d11755cf972042744cab83852b861478aa9bba394bf6f6d531ed0f7fa18cae2c73b21aa853c765c4d863fd2ea5,WETH,USDC,70.89315016513525,115367.31,0.0006144994640607921,0.0006147521835683749,1961.085406,1.205581535502573,0.0006147521835683749
44,0xc02c6a8a65744b8883f27a69ffa9848cea5be14f88fd8fd106c5c2c206ec97bffbe87d602f7d7dd511349be4acf58842392124a0640515bf|0x942970a04c5991687d7488cc9a8badeef3561d5a0d3793e9d2d2fdcf10fe572a|115,1677450107,25247961168,0,0x942970a04c5991687d7488cc9a8badeef3561d5a0d3793e9d2d2fdcf10fe572a,0x942970a04c5991687d7488cc9a8badeef3561d5a0d3793e9d2d2fdcf10fe572a,60808151018772712487,18,99456989444,6,0xc02aaa39b223fe8d0a0e5c4f27ead9083c756cc2,0xa0b86991c6218b36c1d19d4a2e9eb0ce3606eb48,0xc02c6a8a65744b8883f27a69ffa9848cea5be14f88fd8fd106c5c2c206ec97bffbe87d602f7d7dd511349be4acf58842392124a0640515bf,WETH,USDC,60.80815101877271,99456.989444,0.0006114014847896758,0.0006113799204378789,116343.63061200001,71.12904591844183,0.0006113703478590377
45,0xb6100cd91bec9c505b7e93167c6d92ce24a639955ee41d6238df6cf2b979cfc82291f52bddc937b5b840d15e551e1da8c80c2b3c63fbe19b|0x481b6dea5ed30ba10ea01cefb0500d4c159ea84c90f59bb884e900c996bd4922|101,1677449963,29375745990,6872687,0x481b6dea5ed30ba10ea01cefb0500d4c159ea84c90f59bb884e900c996bd4922,0x481b6dea5ed30ba10ea01cefb0500d4c159ea84c90f59bb884e900c996bd4922,17874941993,6,17868664408,6,0xdac17f958d2ee523a2206206994597c13d831ec7,0xa0b86991c6218b36c1d19d4a2e9eb0ce3606eb48,0xb6100cd91bec9c505b7e93167c6d92ce24a639955ee41d6238df6cf2b979cfc82291f52bddc937b5b840d15e551e1da8c80c2b3c63fbe19b,USDT,USDC,17874.941993,17868.664408,1.0003513180871644,0.9999666957201513,17868.664409,17868.069306,0.9999666957201513
46,0x2c0fff4ccfc08e799d900b25cf3daa893011ce112559355a69665d360fbd3a4b40a50cf069e992aa4536211b23f286ef88752187ffffffff|0x92fd44b0407d8aa407b3ab253a142bf4121180ec36e6a190b7e95fc8ba2de38d|274,1677449579,24300000416,3764538937577524,0x92fd44b0407d8aa407b3ab253a142bf4121180ec36e6a190b7e95fc8ba2de38d,0x92fd44b0407d8aa407b3ab253a142bf4121180ec36e6a190b7e95fc8ba2de38d,7000000000000000000,18,11480259930,6,0xc02aaa39b223fe8d0a0e5c4f27ead9083c756cc2,0xa0b86991c6218b36c1d19d4a2e9eb0ce3606eb48,0x2c0fff4ccfc08e799d900b25cf3daa893011ce112559355a69665d360fbd3a4b40a50cf069e992aa4536211b23f286ef88752187ffffffff,WETH,USDC,7.0,11480.25993,0.0006097422917845032,0.0006094601584281467,62268.689024,37.948510461062426,0.0006094316590868978
47,0x0e97da72a11a7949548076e7a63e48632aa048d6a0e1ff504f5d134548f1017ad370d39ef962d504e661d75f28aec670eb70346863fbd95d|0x3b6fc481cff16ba6035a5f962108f168beebdfadbabfc6ad59d98a4eb61c75a4|109,1677447827,27905618241,13344241,0x3b6fc481cff16ba6035a5f962108f168beebdfadbabfc6ad59d98a4eb61c75a4,0x3b6fc481cff16ba6035a5f962108f168beebdfadbabfc6ad59d98a4eb61c75a4,1000000000,6,3636702048265607159116,18,0xa0b86991c6218b36c1d19d4a2e9eb0ce3606eb48,0x375abb85c329753b1ba849a601438ae77eec9893,0x0e97da72a11a7949548076e7a63e48632aa048d6a0e1ff504f5d134548f1017ad370d39ef962d504e661d75f28aec670eb70346863fbd95d,USDC,PDT,1000.0,3636.702048265607,0.2749744099814043,0.2713050851857903,3636.7020482654652,986.655759,0.2713050851857903
48,0x9e5578cbc4692d12bba65b41da0ced4240cbcdc30c026bbb8ea0d330dc944d3276041b19713f5a0481b24a8bc2d90960bac1898963fbd963|0x3b6fc481cff16ba6035a5f962108f168beebdfadbabfc6ad59d98a4eb61c75a4|109,1677447827,27905618241,14903392,0x3b6fc481cff16ba6035a5f962108f168beebdfadbabfc6ad59d98a4eb61c75a4,0x3b6fc481cff16ba6035a5f962108f168beebdfadbabfc6ad59d98a4eb61c75a4,17000000000,6,28825489341492,8,0xa0b86991c6218b36c1d19d4a2e9eb0ce3606eb48,0x2b591e99afe9f32eaa6214f7b7629768c40eeb39,0x9e5578cbc4692d12bba65b41da0ced4240cbcdc30c026bbb8ea0d330dc944d3276041b19713f5a0481b24a8bc2d90960bac1898963fbd963,USDC,HEX,17000.0,288254.89341492,0.0589755816409675,0.058939410251596054,92217.25992504,5435.230915,0.058939410251596054
49,0x381e97eb04a605263217db825790353216ba4e0507419d794500da458f6593c740a50cf069e992aa4536211b23f286ef88752187ffffffff|0xa47940d6ba015d3d0cf5d28609343b424421dde3c11d8bf070afd6098ab8d655|115,1677446819,32229648160,8438763166603126,0xa47940d6ba015d3d0cf5d28609343b424421dde3c11d8bf070afd6098ab8d655,0xa47940d6ba015d3d0cf5d28609343b424421dde3c11d8bf070afd6098ab8d655,600000000000000000,18,252499876790,9,0xc02aaa39b223fe8d0a0e5c4f27ead9083c756cc2,0xf59257e961883636290411c11ec5ae622d19455e,0x381e97eb04a605263217db825790353216ba4e0507419d794500da458f6593c740a50cf069e992aa4536211b23f286ef88752187ffffffff,WETH,FLOOR,0.6,252.49987679,0.002376238783272794,0.0023428179227498454,252.499876789,0.5915612368333969,0.0023428179227498454
50,0x025aa7e96bf2d8001625c39f3d69bdecd2c5e19935147dd26feee612520ca83340a50cf069e992aa4536211b23f286ef88752187ffffffff|0x1291d973c94a6cb0504187e90d54a6ab1303ea0046a3ca05f4f9166f6006f9b3|4,1677445931,28266630988,23770590516055689,0x1291d973c94a6cb0504187e90d54a6ab1303ea0046a3ca05f4f9166f6006f9b3,0x1291d973c94a6cb0504187e90d54a6ab1303ea0046a3ca05f4f9166f6006f9b3,31034173290248290624,18,24965096623413877175149,18,0xc02aaa39b223fe8d0a0e5c4f27ead9083c756cc2,0x9813037ee2218799597d83d4a5b6f3b6778218d9,0x025aa7e96bf2d8001625c39f3d69bdecd2c5e19935147dd26feee612520ca83340a50cf069e992aa4536211b23f286ef88752187ffffffff,WETH,BONE,31.03417329024829,24965.096623413876,0.0012431024705565306,0.001245323791734397,8518.180590968006,10.58786127687365,0.0012429721539480116
51,0x1a41ff7e597779ae2f0954675608752bf0c4849a0b93c8e94aefa4cde454c353e3522bbe32e2892d67058e424a8871bd56e58a4e63fbd09c|0x4759d58609979354db30d2eb94a60b983822298bc2e20e68a85953ecc8c185d5|123,1677445607,26033599551,11731230,0x4759d58609979354db30d2eb94a60b983822298bc2e20e68a85953ecc8c185d5,0x4759d58609979354db30d2eb94a60b983822298bc2e20e68a85953ecc8c185d5,2569727187,6,4258201462055,8,0xa0b86991c6218b36c1d19d4a2e9eb0ce3606eb48,0x2b591e99afe9f32eaa6214f7b7629768c40eeb39,0x1a41ff7e597779ae2f0954675608752bf0c4849a0b93c8e94aefa4cde454c353e3522bbe32e2892d67058e424a8871bd56e58a4e63fbd09c,USDC,HEX,2569.727187,42582.01462055,0.060347712758518815,0.06007221545984619,42582.01462055,2557.995957,0.06007221545984619
52,0x90178f16a484f52d94ef5098a3d805c7b8bfaca93389130a26f3c8e7490ef1d6df610269c6587c579e76b03fba17ee51dd02b0c863fbeab4|0xe0bad38ca83620c995725c9c169a3bda2d1ab2632d5e2685ec642f18ba302eed|222,1677443255,25608141563,36843601372353531904,0xe0bad38ca83620c995725c9c169a3bda2d1ab2632d5e2685ec642f18ba302eed,0xe0bad38ca83620c995725c9c169a3bda2d1ab2632d5e2685ec642f18ba302eed,2500000000000000000000,18,426944000277234191,18,0x375abb85c329753b1ba849a601438ae77eec9893,0xc02aaa39b223fe8d0a0e5c4f27ead9083c756cc2,0x90178f16a484f52d94ef5098a3d805c7b8bfaca93389130a26f3c8e7490ef1d6df610269c6587c579e76b03fba17ee51dd02b0c863fbeab4,PDT,WETH,2500.0,0.42694400027723417,5855.568876425565,5769.272778229011,0.42694400027723417,2463.1563986276465,5769.272778229011
53,0x9ce0c31873f1a76a25dc54f4cbd6d8abbc2608fbb47c17f5cdf698291e6dc08c40a50cf069e992aa4536211b23f286ef88752187ffffffff|0xd3725b5803e11864f7526c7063e5a0ebec3159926e3c6890b21fa7fbd17dd907|176,1677442955,23521011763,3603681222145392,0xd3725b5803e11864f7526c7063e5a0ebec3159926e3c6890b21fa7fbd17dd907,0xd3725b5803e11864f7526c7063e5a0ebec3159926e3c6890b21fa7fbd17dd907,1029213137599399947,18,1674494822,6,0xc02aaa39b223fe8d0a0e5c4f27ead9083c756cc2,0xa0b86991c6218b36c1d19d4a2e9eb0ce3606eb48,0x9ce0c31873f1a76a25dc54f4cbd6d8abbc2608fbb47c17f5cdf698291e6dc08c40a50cf069e992aa4536211b23f286ef88752187ffffffff,WETH,USDC,1.0292131375994,1674.494822,0.0006146409795224795,0.0006125190367836939,3756.34149,2.3008306712854254,0.0006125190367836939
54,0x76f98beb590c95483579152e4ab673e3ddfd580231ea4dbda75988383fdaefdec5fff8815bde7fa378a0a80923da8f9e7345e56e63fbc5a8|0x39fdc71156239e189b499fdc30f8655b4dd86248a8c4710ff70acdbfd3d1e93e|183,1677442775,23279495626,5331437350097228800,0x39fdc71156239e189b499fdc30f8655b4dd86248a8c4710ff70acdbfd3d1e93e,0x39fdc71156239e189b499fdc30f8655b4dd86248a8c4710ff70acdbfd3d1e93e,3287564408986727559453,18,6399683959,6,0x9813037ee2218799597d83d4a5b6f3b6778218d9,0xa0b86991c6218b36c1d19d4a2e9eb0ce3606eb48,0x76f98beb590c95483579152e4ab673e3ddfd580231ea4dbda75988383fdaefdec5fff8815bde7fa378a0a80923da8f9e7345e56e63fbc5a8,BONE,USDC,3287.5644089867274,6399.683959,0.5137073064933717,0.5128742283489853,6399.683958,3282.23297163663,0.5128742283489853
55,0x3c74464419d16a565374761f20b8df25b9b33db18254434858863fcbc02b288a40a50cf069e992aa4536211b23f286ef88752187ffffffff|0x6b48e46db3983cbe9beb2717fc77bcff2312b4320ef94efa7c8ad32397bb16ca|4,1677442679,25397940677,5545036598341201,0x6b48e46db3983cbe9beb2717fc77bcff2312b4320ef94efa7c8ad32397bb16ca,0x6b48e46db3983cbe9beb2717fc77bcff2312b4320ef94efa7c8ad32397bb16ca,19400000000000000000,18,117929361502429994635120,18,0xc02aaa39b223fe8d0a0e5c4f27ead9083c756cc2,0x375abb85c329753b1ba849a601438ae77eec9893,0x3c74464419d16a565374761f20b8df25b9b33db18254434858863fcbc02b288a40a50cf069e992aa4536211b23f286ef88752187ffffffff,WETH,PDT,19.4,117929.36150243,0.00016450525766308207,0.0001644582376798676,117929.36150243,19.39445496340166,0.0001644582376798676
56,0x274714ea5c02cf84a061c3e6b8a569edb3ad62bda366b43ffa7721aee0f9422a40a50cf069e992aa4536211b23f286ef88752187ffffffff|0xcd6e4754ed47fc5f9b605b87939d4898f26375f0d0522d407c746cbf3688cde1|271,1677441263,20974070664,2489039728921304,0xcd6e4754ed47fc5f9b605b87939d4898f26375f0d0522d407c746cbf3688cde1,0xcd6e4754ed47fc5f9b605b87939d4898f26375f0d0522d407c746cbf3688cde1,4000000000000000000,18,6531587352,6,0xc02aaa39b223fe8d0a0e5c4f27ead9083c756cc2,0xa0b86991c6218b36c1d19d4a2e9eb0ce3606eb48,0x274714ea5c02cf84a061c3e6b8a569edb3ad62bda366b43ffa7721aee0f9422a40a50cf069e992aa4536211b23f286ef88752187ffffffff,WETH,USDC,4.0,6531.587352,0.000612408559272377,0.0006119687809681499,6532.213872,3.9975109602710788,0.0006119687809681499
57,0x5e339f675b74caf5b35be3921a7ea38d7c7389c4b59c4055d7aa282e83d2fd2d33d24754fb5a17f677ff17728cfc65451b1b4dee63fbba57|0x7f8453a2c440aaa781c233ef5144ac0f48e1a3304f30622f4fb08f8f0ad4c7fd|130,1677439883,22267688044,4642500243559282,0x7f8453a2c440aaa781c233ef5144ac0f48e1a3304f30622f4fb08f8f0ad4c7fd,0x7f8453a2c440aaa781c233ef5144ac0f48e1a3304f30622f4fb08f8f0ad4c7fd,6363091649976072199,18,10377689510,6,0xc02aaa39b223fe8d0a0e5c4f27ead9083c756cc2,0xa0b86991c6218b36c1d19d4a2e9eb0ce3606eb48,0x5e339f675b74caf5b35be3921a7ea38d7c7389c4b59c4055d7aa282e83d2fd2d33d24754fb5a17f677ff17728cfc65451b1b4dee63fbba57,WETH,USDC,6.363091649976072,10377.68951,0.0006131510914683428,0.000612703737532856,10377.68951,6.358449149732513,0.000612703737532856
58,0x56f1f2b7dd6381d357aaa0ce6fc5485b37c1663abcae5e84bec271669dd58edb761962115807aed273e5f6139c73977cb56ad90b63fbb9d2|0xb9ea7b5e9d1f5cb1f843d5310d870365950ff92917fcdfb66a0e275471edfc77|104,1677439775,23600597994,23035903383,0xb9ea7b5e9d1f5cb1f843d5310d870365950ff92917fcdfb66a0e275471edfc77,0xb9ea7b5e9d1f5cb1f843d5310d870365950ff92917fcdfb66a0e275471edfc77,24773736976034,8,14385832969,6,0x2b591e99afe9f32eaa6214f7b7629768c40eeb39,0xa0b86991c6218b36c1d19d4a2e9eb0ce3606eb48,0x56f1f2b7dd6381d357aaa0ce6fc5485b37c1663abcae5e84bec271669dd58edb761962115807aed273e5f6139c73977cb56ad90b63fbb9d2,HEX,USDC,247737.36976034,14385.832969,17.220926330382728,17.153768007356536,8080.086308,138603.92600685,17.153768007356536
59,0x2195549c7f6c0c45b37936ef2a0c1d3888552b6c87176b742c6138f7d4e4540d2d6bb700ed0fc6d1fcb9057c5c12edb0d1c06f4b63fbb8c2|0x0c1e724817d2caf90562564b42deec1c219e97df2d1235d7a6aa645cb071a4b2|130,1677439487,22243521485,5116526364482067,0x0c1e724817d2caf90562564b42deec1c219e97df2d1235d7a6aa645cb071a4b2,0x0c1e724817d2caf90562564b42deec1c219e97df2d1235d7a6aa645cb071a4b2,5361500000000000000,18,9950202286737300716194,18,0xc02aaa39b223fe8d0a0e5c4f27ead9083c756cc2,0x5283d291dbcf85356a21ba090e6db59121208b44,0x2195549c7f6c0c45b37936ef2a0c1d3888552b6c87176b742c6138f7d4e4540d2d6bb700ed0fc6d1fcb9057c5c12edb0d1c06f4b63fbb8c2,WETH,BLUR,5.3615,9950.202286737302,0.0005388332664499076,0.0005384884609306176,22159.05189470591,11.932393750461872,0.0005384884609306176
60,0x929a86552b4dda27fb05735722f15ed852d62322fc095152bcfc31853839327b40a50cf069e992aa4536211b23f286ef88752187ffffffff|0x0c1e724817d2caf90562564b42deec1c219e97df2d1235d7a6aa645cb071a4b2|130,1677439487,22243521485,10238600371749462,0x0c1e724817d2caf90562564b42deec1c219e97df2d1235d7a6aa645cb071a4b2,0x0c1e724817d2caf90562564b42deec1c219e97df2d1235d7a6aa645cb071a4b2,1240000000000000000,18,2284447099605647468044,18,0xc02aaa39b223fe8d0a0e5c4f27ead9083c756cc2,0x5283d291dbcf85356a21ba090e6db59121208b44,0x929a86552b4dda27fb05735722f15ed852d62322fc095152bcfc31853839327b40a50cf069e992aa4536211b23f286ef88752187ffffffff,WETH,BLUR,1.24,2284.4470996056475,0.0005428009255342594,0.0005384884609306176,22159.05189470591,11.932393750461872,0.0005384884609306176
61,0x41d948241b6b2ceffc29b7ed8389a55f3e0b71072dc47a780522adb1f3ace93140a50cf069e992aa4536211b23f286ef88752187ffffffff|0x6062fb26296f3311c2c016d6fb4608ff69b32d18424b5e00a82da3274c86712c|2,1677437867,24301385751,5927873393200354,0x6062fb26296f3311c2c016d6fb4608ff69b32d18424b5e00a82da3274c86712c,0x6062fb26296f3311c2c016d6fb4608ff69b32d18424b5e00a82da3274c86712c,3380000000000000000,18,155029826057259640964,18,0xc02aaa39b223fe8d0a0e5c4f27ead9083c756cc2,0x9e32b13ce7f2e80a01932b42553652e053d6ed8e,0x41d948241b6b2ceffc29b7ed8389a55f3e0b71072dc47a780522adb1f3ace93140a50cf069e992aa4536211b23f286ef88752187ffffffff,WETH,Metis,3.38,155.02982605725964,0.021802256288100397,0.02174926858591359,114.799877698239,2.4968133736890317,0.02174926858591359
62,0xa23672fd67fb06f20fec59839a886e585cc9a237375ad6dd01560847cae42855fbe87d602f7d7dd511349be4acf58842392124a06404e53b|0x0352b772cb223b837047408587a3a1fd2533e99fe16224bb81f61274c8d6f7ec|144,1677437675,25011704689,0,0x0352b772cb223b837047408587a3a1fd2533e99fe16224bb81f61274c8d6f7ec,0x0352b772cb223b837047408587a3a1fd2533e99fe16224bb81f61274c8d6f7ec,70000000000,6,42898993946743892186,18,0xa0b86991c6218b36c1d19d4a2e9eb0ce3606eb48,0xc02aaa39b223fe8d0a0e5c4f27ead9083c756cc2,0xa23672fd67fb06f20fec59839a886e585cc9a237375ad6dd01560847cae42855fbe87d602f7d7dd511349be4acf58842392124a06404e53b,USDC,WETH,70000.0,42.89899394674389,1631.7398978377003,1631.653576160853,39.80110052024786,64941.607999,1631.653576160853
63,0xeb38133dd2ddd77a175f79f370e0189dd098a9adeaad023898068f08be47325bfbe87d602f7d7dd511349be4acf58842392124a06404e391|0x7e7a5ebc1c27a9c2ba5fe57bb89dc400edd82c8036e35f23cd925e640e71ed3d|118,1677437291,24509837497,0,0x7e7a5ebc1c27a9c2ba5fe57bb89dc400edd82c8036e35f23cd925e640e71ed3d,0x7e7a5ebc1c27a9c2ba5fe57bb89dc400edd82c8036e35f23cd925e640e71ed3d,100000000000,6,61546619022033499117,18,0xa0b86991c6218b36c1d19d4a2e9eb0ce3606eb48,0xc02aaa39b223fe8d0a0e5c4f27ead9083c756cc2,0xeb38133dd2ddd77a175f79f370e0189dd098a9adeaad023898068f08be47325bfbe87d602f7d7dd511349be4acf58842392124a06404e391,USDC,WETH,100000.0,61.5466190220335,1624.7846200000088,1625.7509931337138,53.492360083711105,86914.42670000001,1624.80074844307
64,0xcac5a0bec5f624f1953994d076dff8dc1ca84555d4d72e3d928f3473438255fbffab14b181409170378471b13ff2bff5be012c6464040411|0x6541b7f64421d85cd741ea1364b3b8632bff1aa58dac9d80f33af5cde151a323|3,1677436763,24883429127,0,0x6541b7f64421d85cd741ea1364b3b8632bff1aa58dac9d80f33af5cde151a323,0x6541b7f64421d85cd741ea1364b3b8632bff1aa58dac9d80f33af5cde151a323,5000000000,6,5012638648580153299931,18,0xa0b86991c6218b36c1d19d4a2e9eb0ce3606eb48,0x0000000000085d4780b73119b644ae5ecd22b376,0xcac5a0bec5f624f1953994d076dff8dc1ca84555d4d72e3d928f3473438255fbffab14b181409170378471b13ff2bff5be012c6464040411,USDC,TUSD,5000.0,5012.638648580153,0.9974786435914879,1.000148463209084,5012.638649580104,5013.382842,1.000148463209084
65,0xf0f2431a439203eb24842c5588adbf78f364279f57f5d9b0047bdd2937b7f15bfe202706e36f31afbaf4b4543c2a8bba4ddb2dee63fba350|0x872338e4b26debe2671266893dd13fbddfe4e88531e97533c4dbb2d9ea71fad5|126,1677435491,24736475306,19393230,0x872338e4b26debe2671266893dd13fbddfe4e88531e97533c4dbb2d9ea71fad5,0x872338e4b26debe2671266893dd13fbddfe4e88531e97533c4dbb2d9ea71fad5,22646965805,6,10000000000000000000000,18,0xa0b86991c6218b36c1d19d4a2e9eb0ce3606eb48,0x3446dd70b2d52a6bf4a5a192d9b0a161295ab7f9,0xf0f2431a439203eb24842c5588adbf78f364279f57f5d9b0047bdd2937b7f15bfe202706e36f31afbaf4b4543c2a8bba4ddb2dee63fba350,USDC,SUDO,22646.965805,10000.0,2.2646965805,2.2597148908492692,800.0000001418696,1807.7719130000003,2.2597148908492692
66,0x4e4469adf8339027615c45409eaa9538a4a9b82546c0a25db81c4eda7c703dccde9f6c68d750ab97f1261d9348222d24936471e663fba459|0xd5e81422b7822cf30f739ace36f2a98fa10c44dbd4b7dfc61f8d4be6fff38967|3,1677434231,29366470288,15379988035667525632,0xd5e81422b7822cf30f739ace36f2a98fa10c44dbd4b7dfc61f8d4be6fff38967,0xd5e81422b7822cf30f739ace36f2a98fa10c44dbd4b7dfc61f8d4be6fff38967,2249570152728055839391,18,1167976398984050668,18,0x5283d291dbcf85356a21ba090e6db59121208b44,0xc02aaa39b223fe8d0a0e5c4f27ead9083c756cc2,0x4e4469adf8339027615c45409eaa9538a4a9b82546c0a25db81c4eda7c703dccde9f6c68d750ab97f1261d9348222d24936471e663fba459,BLUR,WETH,2249.5701527280557,1.1679763989840506,1926.040761341424,1912.87269728718,1.1679763989840506,2234.1901646923884,1912.87269728718
67,0x030e6de4f03a7e0e02eca5d2737fe945746ccc93b4efe028f29ef8dd4ba86d9c40a50cf069e992aa4536211b23f286ef88752187ffffffff|0x96888323a07c4db262e615bcb90a1009dd9ce5d94c08b582acdb1be33a1269bb|171,1677433343,22137141023,4902403325895085,0x96888323a07c4db262e615bcb90a1009dd9ce5d94c08b582acdb1be33a1269bb,0x96888323a07c4db262e615bcb90a1009dd9ce5d94c08b582acdb1be33a1269bb,2100000000000000000,18,3352493376,6,0xc02aaa39b223fe8d0a0e5c4f27ead9083c756cc2,0xdac17f958d2ee523a2206206994597c13d831ec7,0x030e6de4f03a7e0e02eca5d2737fe945746ccc93b4efe028f29ef8dd4ba86d9c40a50cf069e992aa4536211b23f286ef88752187ffffffff,WETH,USDT,2.1,3352.493376,0.0006263994479552404,0.0006252127251018755,328.21424,0.20520371940764098,0.0006252127251018755
68,0x103d336fddcb214c4edd07a0c308ad4df8194adbe54d7334ad58910d90b5367340a50cf069e992aa4536211b23f286ef88752187ffffffff|0x1bdb2cc5880a4805ef9b13dc18ec516c9e43fcee1cb24fcd33ce7ec8e48c5416|163,1677429959,20365952329,3121699238298500,0x1bdb2cc5880a4805ef9b13dc18ec516c9e43fcee1cb24fcd33ce7ec8e48c5416,0x1bdb2cc5880a4805ef9b13dc18ec516c9e43fcee1cb24fcd33ce7ec8e48c5416,500000000000000000,18,1482275190630,8,0xc02aaa39b223fe8d0a0e5c4f27ead9083c756cc2,0x2b591e99afe9f32eaa6214f7b7629768c40eeb39,0x103d336fddcb214c4edd07a0c308ad4df8194adbe54d7334ad58910d90b5367340a50cf069e992aa4536211b23f286ef88752187ffffffff,WETH,HEX,0.5,14822.7519063,3.373192799560309e-05,3.354395819616116e-05,50000.0,1.677197909808058,3.354395819616116e-05
69,0x425d89a05ff5fc0aa3b319b56aac8245fc79c0530a84bbc229adfd033cfd1b6fffc458db291b4abce020fe3de4f91f2770e537b164478fc4|0xa64ff48f426a06bf982780034d5b9adf8b0b296db0dac3086cb1929b0c70b4f8|121,1677429527,23006168517,0,0xa64ff48f426a06bf982780034d5b9adf8b0b296db0dac3086cb1929b0c70b4f8,0xa64ff48f426a06bf982780034d5b9adf8b0b296db0dac3086cb1929b0c70b4f8,500000000,6,926403444956,8,0xa0b86991c6218b36c1d19d4a2e9eb0ce3606eb48,0x2b591e99afe9f32eaa6214f7b7629768c40eeb39,0x425d89a05ff5fc0aa3b319b56aac8245fc79c0530a84bbc229adfd033cfd1b6fffc458db291b4abce020fe3de4f91f2770e537b164478fc4,USDC,HEX,500.0,9264.03444956,0.05397216544501815,0.05335662394178066,334532.62490334,17842.226587999998,0.05333478787952397
70,0xd477346796a59f158d0fc8891d58fd3670e0e42c6d09e9cf3f7b8393c9bcc11bbdb5f1753374d172ff2cedffb25cc75c93bf2bea63fcb958|0xa64ff48f426a06bf982780034d5b9adf8b0b296db0dac3086cb1929b0c70b4f8|121,1677429527,23006168517,0,0xa64ff48f426a06bf982780034d5b9adf8b0b296db0dac3086cb1929b0c70b4f8,0xa64ff48f426a06bf982780034d5b9adf8b0b296db0dac3086cb1929b0c70b4f8,1350000000,6,2526659617801,8,0xa0b86991c6218b36c1d19d4a2e9eb0ce3606eb48,0x2b591e99afe9f32eaa6214f7b7629768c40eeb39,0xd477346796a59f158d0fc8891d58fd3670e0e42c6d09e9cf3f7b8393c9bcc11bbdb5f1753374d172ff2cedffb25cc75c93bf2bea63fcb958,USDC,HEX,1350.0,25266.59617801,0.053430228214710246,0.05335662394178066,334532.62490334,17842.226587999998,0.05333478787952397
71,0xbd8d74a84777e37a5553a241c7351b1e4511dcf4878a809226b8a2e0dd595291702f48a5c09a6e68792324fcdfe111382b1d00e163fb8b65|0x4440bdf97391d85335364e5929d9550ceaf929a2a99b4b390e58b29db1321c32|170,1677429491,21920198612,109436378740,0x4440bdf97391d85335364e5929d9550ceaf929a2a99b4b390e58b29db1321c32,0x4440bdf97391d85335364e5929d9550ceaf929a2a99b4b390e58b29db1321c32,1174215890247576,8,628863684354,6,0x2b591e99afe9f32eaa6214f7b7629768c40eeb39,0xa0b86991c6218b36c1d19d4a2e9eb0ce3606eb48,0xbd8d74a84777e37a5553a241c7351b1e4511dcf4878a809226b8a2e0dd595291702f48a5c09a6e68792324fcdfe111382b1d00e163fb8b65,HEX,USDC,11742158.90247576,628863.684354,18.672025742014167,18.69617023090128,376872.02868999995,7044638.72321302,18.692389423805345
72,0xb75b366f5ba0c07998b87be9a4170f6208165863922d201c9697d746b2ee9be0944fdf30eba69d6a7bbfd7512ac8ef899d1fd3f063fb84b8|0x5a8862aa019c347aea9ebd261fb2e200429417f54e1b3b97ac9d20d82e1312b7|249,1677426167,20571282333,12239228,0x5a8862aa019c347aea9ebd261fb2e200429417f54e1b3b97ac9d20d82e1312b7,0x5a8862aa019c347aea9ebd261fb2e200429417f54e1b3b97ac9d20d82e1312b7,17990650466,6,32040711501727,8,0xa0b86991c6218b36c1d19d4a2e9eb0ce3606eb48,0x2b591e99afe9f32eaa6214f7b7629768c40eeb39,0xb75b366f5ba0c07998b87be9a4170f6208165863922d201c9697d746b2ee9be0944fdf30eba69d6a7bbfd7512ac8ef899d1fd3f063fb84b8,USDC,HEX,17990.650466,320407.11501727,0.05614934757310336,0.056096189211096596,144221.65162691,8090.285058,0.056096189211096596
73,0xe3a3dc65ac9626b04ec138abd1592e35daed0789ef440b564e209d01888668cf40a50cf069e992aa4536211b23f286ef88752187ffffffff|0x79bd7fc7ea07627c80f872010177cc62400406c8cc0347bbdbe179c99ed1aeb0|1,1677425927,21746701722,4906716555271657,0x79bd7fc7ea07627c80f872010177cc62400406c8cc0347bbdbe179c99ed1aeb0,0x79bd7fc7ea07627c80f872010177cc62400406c8cc0347bbdbe179c99ed1aeb0,4000000000000000000,18,3727602202903251889,18,0xc02aaa39b223fe8d0a0e5c4f27ead9083c756cc2,0xae78736cd615f374d3085123a210448e74fc6393,0xe3a3dc65ac9626b04ec138abd1592e35daed0789ef440b564e209d01888668cf40a50cf069e992aa4536211b23f286ef88752187ffffffff,WETH,rETH,4.0,3.727602202903252,1.073075876198536,1.0717584846472756,3.727605930509191,3.9950932834447284,1.0717584846472756
74,0xa83913e4039935c94c50005fc6dde101bdb57ecf23be5717c3c926e5d24e840023ac27151677bbdc4a50bc16437ff6fb3706bd1663fb830f|0x79bd7fc7ea07627c80f872010177cc62400406c8cc0347bbdbe179c99ed1aeb0|1,1677425927,21746701722,26340107551115489280,0x79bd7fc7ea07627c80f872010177cc62400406c8cc0347bbdbe179c99ed1aeb0,0x79bd7fc7ea07627c80f872010177cc62400406c8cc0347bbdbe179c99ed1aeb0,44208410869483691089779,18,36329160662,6,0x5283d291dbcf85356a21ba090e6db59121208b44,0xa0b86991c6218b36c1d19d4a2e9eb0ce3606eb48,0xa83913e4039935c94c50005fc6dde101bdb57ecf23be5717c3c926e5d24e840023ac27151677bbdc4a50bc16437ff6fb3706bd1663fb830f,BLUR,USDC,44208.41086948369,36329.160662,1.2168850054310592,1.215869042456163,9992.909627,12150.069459531462,1.215869042456163
75,0xbe6f1878d605a6afb2bad42e7383ca3d3e9a6135f8e0290e93de8e913dd93e6240a50cf069e992aa4536211b23f286ef88752187ffffffff|0xd66e96b1189e24df231b8810d6feda107ce54c6842f9b69daa0e3444c167836d|126,1677425003,23834968656,5246463908478672,0xd66e96b1189e24df231b8810d6feda107ce54c6842f9b69daa0e3444c167836d,0xd66e96b1189e24df231b8810d6feda107ce54c6842f9b69daa0e3444c167836d,5000000000000000000,18,9635238051205372594409,18,0xc02aaa39b223fe8d0a0e5c4f27ead9083c756cc2,0x5283d291dbcf85356a21ba090e6db59121208b44,0xbe6f1878d605a6afb2bad42e7383ca3d3e9a6135f8e0290e93de8e913dd93e6240a50cf069e992aa4536211b23f286ef88752187ffffffff,WETH,BLUR,5.0,9635.238051205373,0.0005189285384987969,0.0005183835104575979,9635.247717818902,4.994753536091522,0.0005183835104575979
76,0xf0474e7af0669cb9d0ee29674317d6974a70ec2ad149291e4d389519322f652dfbe87d602f7d7dd511349be4acf58842392124a06404aec5|0x8580de4731bc592f7fe5c63cf63c463bdf967c87a84f825aad84a705664ec078|5,1677423743,21622280623,0,0x8580de4731bc592f7fe5c63cf63c463bdf967c87a84f825aad84a705664ec078,0x8580de4731bc592f7fe5c63cf63c463bdf967c87a84f825aad84a705664ec078,50000000000,6,31165855747817251600,18,0xa0b86991c6218b36c1d19d4a2e9eb0ce3606eb48,0xc02aaa39b223fe8d0a0e5c4f27ead9083c756cc2,0xf0474e7af0669cb9d0ee29674317d6974a70ec2ad149291e4d389519322f652dfbe87d602f7d7dd511349be4acf58842392124a06404aec5,USDC,WETH,50000.0,31.16585574781725,1604.319817321295,1605.1225054751135,31.14712412259249,49994.94991,1605.1225054751135
77,0xe65e1399ecb9e8a623495eef7da8c5320f04f84a197c65dbc37831aeab29b1a7fbe87d602f7d7dd511349be4acf58842392124a06404ad4b|0x4c994e9af37f5aa8c53a9d9789d522c5751f31ee78049899b46dc323bd5ca300|213,1677423359,20024493358,0,0x4c994e9af37f5aa8c53a9d9789d522c5751f31ee78049899b46dc323bd5ca300,0x4c994e9af37f5aa8c53a9d9789d522c5751f31ee78049899b46dc323bd5ca300,99727166036,6,62157060240676272805,18,0xa0b86991c6218b36c1d19d4a2e9eb0ce3606eb48,0xc02aaa39b223fe8d0a0e5c4f27ead9083c756cc2,0xe65e1399ecb9e8a623495eef7da8c5320f04f84a197c65dbc37831aeab29b1a7fbe87d602f7d7dd511349be4acf58842392124a06404ad4b,USDC,WETH,99727.166036,62.15706024067627,1604.438267348066,1604.839211408459,6.305721977677873,10111.545742,1603.550834907512
78,0xc2aa756c6cf8c8d0c443b855c56b53383d105cb8ac1cbdeef8753dfb507edf5640a50cf069e992aa4536211b23f286ef88752187ffffffff|0xd50e1a974305b4bd6f95900b613d783b384f421cb1c6321c2d391c39be449b08|129,1677423023,23637210787,4730502063577552,0xd50e1a974305b4bd6f95900b613d783b384f421cb1c6321c2d391c39be449b08,0xd50e1a974305b4bd6f95900b613d783b384f421cb1c6321c2d391c39be449b08,500000000000000000,18,3273554112198642134951,18,0xc02aaa39b223fe8d0a0e5c4f27ead9083c756cc2,0x375abb85c329753b1ba849a601438ae77eec9893,0xc2aa756c6cf8c8d0c443b855c56b53383d105cb8ac1cbdeef8753dfb507edf5640a50cf069e992aa4536211b23f286ef88752187ffffffff,WETH,PDT,0.5,3273.554112198642,0.000152739188925208,0.00015129412282840763,3273.5541121986566,0.49526949793642244,0.00015129412282840763
79,0x999135a389b3771a6aab07e5c52d1a18b4128d3d95907fc4652ff3c460e5ccd6d5d4a90e53300b2dfc92483f03d03f67c8aee10163fb6889|0x4241fc4e6aa67376d23df18f27f77b1f2d5f400a1123e51dc8a6fa3e0df8164d|117,1677419555,19533041547,7439012003244364800,0x4241fc4e6aa67376d23df18f27f77b1f2d5f400a1123e51dc8a6fa3e0df8164d,0x4241fc4e6aa67376d23df18f27f77b1f2d5f400a1123e51dc8a6fa3e0df8164d,5000000000000000000000,18,4989674660,6,0x853d955acef822db058eb8505911ed77f175b99e,0xa0b86991c6218b36c1d19d4a2e9eb0ce3606eb48,0x999135a389b3771a6aab07e5c52d1a18b4128d3d95907fc4652ff3c460e5ccd6d5d4a90e53300b2dfc92483f03d03f67c8aee10163fb6889,FRAX,USDC,5000.0,4989.67466,1.0020693413305628,1.0005784601589147,4989.67466,4992.560987996756,1.0005784601589147
80,0x72acdf4ab7b4602c28e65c906b9fb98166ed3383843f0e783ae5b59052801a3443f1fa199539df692645d7af8c8ef3f63e526fd763fb63b8|0x4ac6f759c0f9759e1a1a614e549043b4077b4c31e4a56472570e77b494c5a04e|214,1677418895,18933065036,10324347935853905920,0x4ac6f759c0f9759e1a1a614e549043b4077b4c31e4a56472570e77b494c5a04e,0x4ac6f759c0f9759e1a1a614e549043b4077b4c31e4a56472570e77b494c5a04e,45685917044454202926090,18,38019441548,6,0x5283d291dbcf85356a21ba090e6db59121208b44,0xa0b86991c6218b36c1d19d4a2e9eb0ce3606eb48,0x72acdf4ab7b4602c28e65c906b9fb98166ed3383843f0e783ae5b59052801a3443f1fa199539df692645d7af8c8ef3f63e526fd763fb63b8,BLUR,USDC,45685.9170444542,38019.441548,1.2016461890103036,1.2014406843845502,7603.470282,9135.118539303669,1.2014406843845502
81,0x3c4708f317bce55581ebd1528c6d0051099d1ed5fb3d316b4ad9f99d059c9f6340a50cf069e992aa4536211b23f286ef88752187ffffffff|0x9b00cbc15559efaeac6629f224e8ab299148b51087768120a2d59cd7b920aec7|126,1677418679,19272649013,2904952729080030,0x9b00cbc15559efaeac6629f224e8ab299148b51087768120a2d59cd7b920aec7,0x9b00cbc15559efaeac6629f224e8ab299148b51087768120a2d59cd7b920aec7,50000000000000000,18,75919301,6,0xc02aaa39b223fe8d0a0e5c4f27ead9083c756cc2,0xdac17f958d2ee523a2206206994597c13d831ec7,0x3c4708f317bce55581ebd1528c6d0051099d1ed5fb3d316b4ad9f99d059c9f6340a50cf069e992aa4536211b23f286ef88752187ffffffff,WETH,USDT,0.05,75.919301,0.0006585940510700962,0.000625486473499914,751.316673,0.46993677841130627,0.000625484293506829
82,0x468e2b991ae5b9429712721bdd5f04eefaf51f1d69265473bacc5c533d53d398944fdf30eba69d6a7bbfd7512ac8ef899d1fd3f063fb5ee2|0xac5b04f9ecd2c14f48fbd49eee4dc1ddb708afd4c9c120d9fef6bd4550a5f7e8|213,1677416447,20367314279,37220283537,0xac5b04f9ecd2c14f48fbd49eee4dc1ddb708afd4c9c120d9fef6bd4550a5f7e8,0xac5b04f9ecd2c14f48fbd49eee4dc1ddb708afd4c9c120d9fef6bd4550a5f7e8,31893590713728,8,17990650466,6,0x2b591e99afe9f32eaa6214f7b7629768c40eeb39,0xa0b86991c6218b36c1d19d4a2e9eb0ce3606eb48,0x468e2b991ae5b9429712721bdd5f04eefaf51f1d69265473bacc5c533d53d398944fdf30eba69d6a7bbfd7512ac8ef899d1fd3f063fb5ee2,HEX,USDC,318935.90713728,17990.650466,17.72786969209521,17.70959662401001,9899.264307,175311.97775142998,17.70959662401001
83,0x073a42c3620fd5503b3815c6af2abd87f76d112fa0ac1a43b5d9652d0a4085952a3837b830fd55b0a4b62677d89f54410cf5cba263fb5a11|0x42c498bd92481f602a0671aef0608adf67cc43abdf63e73a56167e227d82ceb4|129,1677415223,17910059282,26471059293935390720,0x42c498bd92481f602a0671aef0608adf67cc43abdf63e73a56167e227d82ceb4,0x42c498bd92481f602a0671aef0608adf67cc43abdf63e73a56167e227d82ceb4,50000000000000000000000,18,8000141990091022029,18,0x375abb85c329753b1ba849a601438ae77eec9893,0xc02aaa39b223fe8d0a0e5c4f27ead9083c756cc2,0x073a42c3620fd5503b3815c6af2abd87f76d112fa0ac1a43b5d9652d0a4085952a3837b830fd55b0a4b62677d89f54410cf5cba263fb5a11,PDT,WETH,50000.0,8.000141990091022,6249.889072210221,6246.580248526077,8.000141990090922,49973.52894070606,6246.580248526077
84,0x59214c61c2a0238118cdcdb691c09471ba8d274096dd7ba90d08fffc3e3dd4a58e9fecc2f52b1bf356abb97467e2db33f8c4da8363fb47a7|0xd32d2b5f9b8e6fc56373d5d612cd41115faae59d140d1b73c7d0658b2da95351|76,1677410507,17213054664,7699801,0xd32d2b5f9b8e6fc56373d5d612cd41115faae59d140d1b73c7d0658b2da95351,0xd32d2b5f9b8e6fc56373d5d612cd41115faae59d140d1b73c7d0658b2da95351,16309484341,6,12211029441691369159317,18,0xa0b86991c6218b36c1d19d4a2e9eb0ce3606eb48,0x30d20208d987713f46dfd34ef128bb16c404d10f,0x59214c61c2a0238118cdcdb691c09471ba8d274096dd7ba90d08fffc3e3dd4a58e9fecc2f52b1bf356abb97467e2db33f8c4da8363fb47a7,USDC,SD,16309.484341,12211.02944169137,1.3356354940325936,1.3350049328635485,12211.02944169137,16301.78454,1.3350049328635485
