settlements_id,settlements_solver_id,settlements_trades_timestamp,settlements_trades_gasPrice,settlements_trades_feeAmount,settlements_trades_buyAmount,settlements_trades_sellAmount,settlements_trades_sellToken_id,settlements_trades_buyToken_id,settlements_trades_order_id,settlements_trades_buyAmountEth,settlements_trades_sellAmountEth,settlements_trades_buyAmountUsd,settlements_trades_sellAmountUsd,tokens_decimals,tokens_symbol,tokens_name,tokens_decimals_right,tokens_symbol_right,tokens_name_right,environment,name,active
0x000488b508c87b14bff634e895ac44d5c9edc35eff10e5a650cda90947019e1f,0xe18b5632df2ec339228dd65e4d9f004ef59653d3,1660832563,12666845214,2.2469566626962686e20,1.2340280018312532e21,8.377706304215254e21,0x4332f8a38f14bd3d8d1553af27d7c7ac6c27278d,0x01597e397605bf280674bf292623460b4204c375,0xab1785ef93537a902fdf3bf06d7142fb4324dcae8229a4617681b5ddd2d19b92e001452bec9e7ac34ca4ecac56e7e95ed9c9aa3b62fe51f8,0.0,0.0,0.0,0.0,18,APEFI,Ape Finance,18,BENT,Bent Token,prod,Atlas,false
0x000274c636cceb1240b968ed77b3c38953ba4f88312040421151a2cd4c4a8485,0x6fa201c3aff9f1e4897ed14c7326cf27548d9c35,1653399335,39685121633,15714670.0,1.6480214544167352e22,4.9497201149e10,0xa0b86991c6218b36c1d19d4a2e9eb0ce3606eb48,0x03ab458634910aad20ef5f1c8ee96f1d6ac54919,0xce595451fe0870afab1bca0550914936f9b6a5883ff778e52256fe0c5333ad1ef2e563f6fbf25cf23dbe57d25287e10339ad3b6f628ce0e7,25.05415518772454,25.242468722661684,49471.595650171985,49497.201149,6,USDC,USD Coin,18,RAI,Rai Reflex Index,prod,Otex,false
0x0004ffeb0bbfc6b1ff8976c8fdc730ec9a19a7ef438c47f8c5961f32987a0bcd,0x149d0f9282333681ee41d30589824b2798e9fb47,1661197209,23280051092,2.421559030981624e19,8617896.0,8.626050490677e22,0x4fabb145d64652a948d72533023f6e7a623c7c53,0x056fd409e1d7a124bd7017459dfea2f387b6d5cd,0x6ba08daa7ae45ba0a18f17a4dc11e3cd2d8c18c8b4625bd08e52f4bff1753e02310d99affb04d74616d9322e1835e2fc280652376303e24e,55.19866628851856,55.2631347236237,86192.86522241797,86293.53285647044,18,BUSD,Binance USD,2,GUSD,Gemini dollar,prod,PLM,true
0x0005eac78c3f4949f4b4e2c6163feb0079030be6882c276968a4e133192213ea,0x149d0f9282333681ee41d30589824b2798e9fb47,1672150559,11848911554,2.480008560888806e15,1.0037004422388326e26,3.0e17,0xc02aaa39b223fe8d0a0e5c4f27ead9083c756cc2,0x06450dee7fd2fb8e39061434babcfc05599a6fb8,0x9edd0946fa66946e163d900fe2cad75d3f2061dc05896f6b669beed5554c6ccb40a50cf069e992aa4536211b23f286ef88752187ffffffff,0.2948618477952575,0.3,358.1863697862442,364.4283339083557,18,WETH,Wrapped Ether,18,XEN,XEN Crypto,prod,PLM,true
0x000bfaef25c8af21cbe8919a39a3f267cfcfb6a0ef0d6977c4de2c1661e435ec,0xe92f359e6f05564849afa933ce8f62b8007a1d5d,1637555090,158295800643,99753384.0,2.5e20,1516923787.0,0xa0b86991c6218b36c1d19d4a2e9eb0ce3606eb48,0x0ada190c81b814548ddc2f6adc4a689ce7c1fe73,0x798df124a264c7b844435225c764825731d667db030b6721e0b4cb304730530b6ac62b6d6988da0206c409d6b9d74f4f4e3d09a4619b2220,0.0,0.36381499444298987,0.0,1516.923787,6,USDC,USD Coin,18,YAXIS,yAxis V2,prod,Gnosis_0x,false
0x00136212ff59d921573bea697b8efe1aaea7c8939abdc6d2e5f243dd1e6f3581,0xe92f359e6f05564849afa933ce8f62b8007a1d5d,1647365033,72828315166,9.893277977657347e19,2.0937487046056438e22,2.0424603302823096e22,0x6bea7cfef803d1e3d5f7c0103f7ded065644e197,0x15b7c0c907e4c6b9adaaaabc300c08991d6cea05,0x7d5fc3c1289f5c997f367ed0bcafdd26a90a5d3bb554ce88794a3065a23367b83e4aa730acd68a383675b1a096f73f7c86b8d5bc6230d296,4.103171959812799,4.285124261095487,10681.126358414109,11041.841606122622,18,GAMMA,Gamma,18,GEL,Gelato Network Token,prod,Gnosis_0x,false
0x0007ff30b1fdc82a773ff7987304ed4d7a38b40ae7c61a09a4c5910894d7eb11,0x77ec2a722c2393d3fd64617bbaf1499c713e616b,1638178459,117265860870,2.3500460959657276e20,51750349.0,2.0e22,0xa3bed4e1c75d00fa6f4e5e6922db7261b5e9acd2,0x2260fac5e5542a773aa44fbcfedf7c193bc2c599,0x1745c454e263292a33f715e4a8e0a3b19b72de61cbd7baf947cbc9aa43418d101d8588c47ac90dd985d8ab98e07bb1a25ae5002261a4a4f0,6.849362055951557,6.987087730124211,29672.987041471053,30269.64584146133,18,MTA,Meta,8,WBTC,Wrapped BTC,prod,QuasiModo,false
0x0013a232553244a7f1e073cb945cb26011131c02a34c65dcb4b3b80d9b388271,0xa21740833858985e4d801533a808786d3647fb83,1674983159,14842939727,8.163578498998751e18,7.821592093527271e22,3.0e22,0x6b175474e89094c44da98b954eedeac495271d0f,0x2a3bff78b79a009976eea096a51a948a3dc00e34,0x84432a60e03bce0f1022f47635fbc0da4bfc28c203a3cd391d4f4a22a37d01a72bba40f6092a442f8020785c1013140911f8426f63d63dd7,0.0,18.82487747598711,0.0,30000.0,18,DAI,Dai Stablecoin,18,WILD,Wilder,prod,Laertes,true
0x0005550e844fe52c21cb8c2adf00b4142e223a3cb7037675cd0bf445706d36f9,0x2d15894fac906386ff7f4bd07fceac43fcf80c73,1652895158,50838693661,11931482.0,1.17906653064e11,145000000.0,0xa0b86991c6218b36c1d19d4a2e9eb0ce3606eb48,0x2b591e99afe9f32eaa6214f7b7629768c40eeb39,0xa67b7acfb5b0a3cd9df401eaa3dc90f19d8a2b1200884d9c7e054c30478b7c5fdae0212b97766d79c02d1716811cd1213eeeda666285349a,0.06760357091325402,0.07378708552818075,132.8486917765312,145.0,6,USDC,USD Coin,8,HEX,HEX,prod,DexCowAgg,false
0x000bee20a5a08673d0f0de4bc0f4c3b2aea682851bb489ec457474c8bc525033,0xc9ec550bea1c64d779124b23a26292cc223327b6,1674935063,18956832790,2.353456307060224e15,1.0738084584928e13,1.8e18,0xc02aaa39b223fe8d0a0e5c4f27ead9083c756cc2,0x2b591e99afe9f32eaa6214f7b7629768c40eeb39,0x29b2a59d5c599a458352e1b4699a80446b249ac78fdbbd40532acc9623c8591e40a50cf069e992aa4536211b23f286ef88752187ffffffff,1.7927388787177374,1.8,2825.09316172777,2836.535622380862,18,WETH,Wrapped Ether,8,HEX,HEX,prod,Otex,true
0x0012f114874600f5970dfe7678bc6325556cf03e0c173135e4a0e2e3144916c5,0xb8650702412d0aa7f01f6bee70335a18d6a78e77,1635411956,159674022604,7.1809690779648e15,1.0e20,3.7383963552042003e17,0xc02aaa39b223fe8d0a0e5c4f27ead9083c756cc2,0x3432b6a60d23ca0dfca7761b7ab56459d9c964d0,0x36655e0d570a62175926265eeb941fb0d01370b1a2425b33e672db2d2e6e0bf4fb630ed271803f152391bf46bbaefb777c69bffd617a6eb3,0.37516038805374374,0.37383963552042,1513.4710943177163,1547.2093886094488,18,WETH,Wrapped Ether,18,FXS,Frax Share,barn,Naive,false
0x001141827e7d5a237a7e348899590546156b51824e28f0e57ddebe71821486b5,0xb20b86c4e6deeb432a22d773a221898bbbd03036,1668052067,25470868376,5.609612393098009e15,1.1213263637045e13,5.65628400324284e16,0xc02aaa39b223fe8d0a0e5c4f27ead9083c756cc2,0x34f0915a5f15a66eba86f6a58be1a471fb7836a7,0x376742a361e3e7c942cba7da3904f189fe82d30cb79f821e59eeb2b7bd8732d199cad5f8e5db8102949d453c2c3324af6ec5136b636c7b2b,0.05065822966309235,0.0565628400324284,59.06143168575185,66.55602761676631,18,WETH,Wrapped Ether,12,PLSD,PulseDogecoin,prod,Gnosis_1inch,true
0x0004bf8f9876c18a4024b2a762a0e0a9e108849da275adc7ec9a25d89566412d,0xe92f359e6f05564849afa933ce8f62b8007a1d5d,1639676130,141081419281,1.3067740310017378e20,2763014161.0,1.266329321965566e21,0x99d8a9c45b2eca8864373a26d1459e3dff1e17f3,0x383518188c0c6d7730d91b2c03a03c837814a899,0xce78841ebf76d3b58dce9885db6a8303be71694406d4377459322d155e598b4fd1c8ae3531bbe4591d404089b0d01e0d15b36efc61bb7f4e,0.27471569781521005,0.31160145316104937,1113.4888655519685,1266.6343098892378,18,MIM,Magic Internet Money,9,OHM,Olympus,prod,Gnosis_0x,false
0x000f373447b728ee092e118c4f6df7f7d7d5eadd4197ceb121ee21c359cb915e,0xa6ddbd0de6b310819b49f680f65871bee85f517e,1629935788,87574320777,56046658.0,5.198751289297442e21,3.0e10,0xdac17f958d2ee523a2206206994597c13d831ec7,0x3a880652f47bfaa771908c07dd8673a787daed3a,0x8708478cbc9e037eb4cce5cb00803fe8042a9d6618a4250b6b6bd191ded931f666364bef617514b745339d67f981b0f3de0463f26126dcd8,0.0,9.30171834941606,0.0,30000.0,6,USDT,Tether USD,18,DDX,DerivaDAO,prod,Legacy,false
0x00116fc14802013a58e6104e6b40db721744449a389ccd6cf70c0bb32020ac3e,0xde1c59bc25d806ad9ddcbe246c4b5e5505645718,1642578568,82893180762,33871028.0,1.5337592481051006e23,1.9060389571e10,0xc0d4ceb216b3ba9c3701b291766fdcba977cec3a,0x3af33bef05c2dcb3c7288b77fe1c8d2aeba4d789,0x9f70e1f847108e84533e344de768953fc1bcd70e54b6e6c5e695c480783bf175bd4c616fafb31bcf3de34675eb497803e5776ee661e7c8f2,7.409251134921287,7.513560431833186,22676.728069374443,22995.976738113746,9,BTRFLY,BTRFLY,18,KROM,Kromatika,prod,Gnosis_1inch,false
0x00120e6fa61f58a4828f9da618128ff639939824376366ceea89e8fb8dcf2b72,0xc9ec550bea1c64d779124b23a26292cc223327b6,1662426943,15334306333,5159951.0,5.0e11,1195314482.0,0xa0b86991c6218b36c1d19d4a2e9eb0ce3606eb48,0x4123a133ae3c521fd134d7b13a2dec35b56c2463,0x524512db67f7780f136386b79df9a1c82fe2d80d329097ff129d647c9c921ff6d99087192ab141f4bef9bc2937f3e6b16545a5fd6316a576,0.7047098177430117,0.715005373573101,1178.1039942947127,1195.314482,6,USDC,USD Coin,8,QRDO,Qredo Token,prod,Otex,true
0x00086000b9092158b636ac732f8c1b1720f3f9b0aac30595e92327c2e3dde435,0xa6ddbd0de6b310819b49f680f65871bee85f517e,1634608714,79748997916,2.290699628426899e19,1.9842402024687524e20,1.1117184887988189e21,0x62b9c7356a2dc64a1969e19c23e4f579f9810aa7,0x4e3fbd56cd56c3e72c1403e103b45db9da5b9d2b,0xf33236bb58ed47831ba3508abeb508e5e69068b57a531200a0e8094bd0ad3bce05f0ba0f63b401bc9b86089265cee2f79c955768616e2cce,0.7808925558568338,0.0,2960.53978830773,0.0,18,cvxCRV,Convex CRV,18,CVX,Convex Token,prod,Legacy,false
0x000e1630303eaa3eee0257b3237937a24daa2de2a494da87dc44546653d3a442,0xa6ddbd0de6b310819b49f680f65871bee85f517e,1631297979,113873288695,3.510053055911519e21,2.2262852265074945e21,3.3466439119626322e22,0xceb286c9604c542d3cc08b41aa6c9675b078a832,0x4ec1b60b96193a64acae44778e51f7bff2007831,0xba9a65254d0878f33f6d3d0aa4de7a74d1e653a593af45f17329874011d947d2905271bc09d526a336d1ad669ee12798ff063785613ba855,0.0,0.0,0.0,0.0,18,VTX,Vortex DeFi,18,EDGE,Edge,prod,Legacy,false
0x000e9ba018e834539c416a7764e34096e07f76bd2da433b7ac4512d8adefa056,0x77ec2a722c2393d3fd64617bbaf1499c713e616b,1640612797,64418827385,1.5208447276421544e16,6.353127460901563e20,2.5e17,0xc02aaa39b223fe8d0a0e5c4f27ead9083c756cc2,0x51fe2e572e97bfeb1d719809d743ec2675924edc,0x20bed9e72173195c9ef1381f8c2387984de8f862f59b575550530cf7d3d18a172b972dce7230e46207d82e66ea4fc575b01b987861c9caa6,0.0,0.25,0.0,1021.1115641771332,18,WETH,Wrapped Ether,18,VPAD,VLaunch,prod,QuasiModo,false
0x001141827e7d5a237a7e348899590546156b51824e28f0e57ddebe71821486b5,0xb20b86c4e6deeb432a22d773a221898bbbd03036,1668052067,25470868376,5.22446292703234e15,2.0536967571821634e19,3.22e17,0xc02aaa39b223fe8d0a0e5c4f27ead9083c756cc2,0x55c08ca52497e2f1534b59e2917bf524d4765257,0xc06f03f28c8d9413ef9c53c0810bdcbaae696284c297ed31e6ba2e240e77eff9b5483cac95cd6fd91993a151a008009f8f451861636c7ae8,2.018488932099165,0.322,2663.2591879669767,378.8890529597168,18,WETH,Wrapped Ether,18,UwU,UwU Lend,prod,Gnosis_1inch,true
0x000e609d7d493358f777c33d57afe12153bd4336704db4a4d39bd497c7bf1a36,0xb20b86c4e6deeb432a22d773a221898bbbd03036,1674409127,17482047351,3.662666971970952e19,1.716266369286078e22,5.0e22,0x0f2d719407fdbeff09d87557abb7232601fd9f29,0x5a98fcbea516cf06857215779fd812ca3bef1b32,0x46b1b9edce0fd9eeb3ec738706e2515f0a0dbef5dc898e61f4fbb7f0fa891d8d79224d17ee627ec55501b9034ba7b2a64452c01563cd7b7a,24.028550948061262,0.0,39859.67460874004,0.0,18,SYN,Synapse,18,LDO,Lido DAO Token,prod,Gnosis_1inch,true
0x0007a40d7bdad7faac042da835b7779f153e20da7dfa8bd34c50aa1ede529741,0xe92f359e6f05564849afa933ce8f62b8007a1d5d,1637753163,110189077951,4.130479373238458e19,1.4710429960953358e23,1.4740028584609632e23,0x956f47f50a910163d8bf957cf5846d573e7f87ca,0x5f98805a4e8be255a32880fdec7f6728c6568ba0,0x12331889cad9a476771b307223e62657b1a8ab11c795202b37ce499d52f340a7d97eeb8b7f164cbbe9cb45c83c98d4e0bf502a4f619e2584,34.448844695677394,34.50303388607691,147168.78440245424,147400.28584609632,18,FEI,Fei USD,18,LUSD,LUSD Stablecoin,prod,Gnosis_0x,false
0x00029d2e27200c356861f35e489bf0cc5bcb30cf1bf8020e0a69a64fe580e90e,0xe18b5632df2ec339228dd65e4d9f004ef59653d3,1660652247,6438567827,4.417794139352529e18,1.9946012401230925e20,1.579725122416562e20,0xd533a949740bb3306d119cc777fa900ba034cd52,0x5f98805a4e8be255a32880fdec7f6728c6568ba0,0x8159a6901cd0c50e689661d2bfad1a56afd4ebdd5db2e140692c5beb98932f25d6bf9d9079139dbb3a4fdb84b07efc75ea77838f62fb90e0,0.10769666451905247,0.11029212430420234,205.38655578973427,208.65519183163948,18,CRV,Curve DAO Token,18,LUSD,LUSD Stablecoin,prod,Atlas,false
0x000bee20a5a08673d0f0de4bc0f4c3b2aea682851bb489ec457474c8bc525033,0xc9ec550bea1c64d779124b23a26292cc223327b6,1674935063,18956832790,7.829576431969057e17,1.39143607286455e19,3.4023015331598176e19,0xba100000625a3754423978a60c9317c58a424e3d,0x616e8bfa43f920657b3497dbf40d6b1a02d4608d,0x233b315f9526f61c847c8a962a1873617c950f7924e78c3868f73a09a38e744fb2043c543bb60fb7aa7265cdca359a35c4bc09fa63d59241,0.0,0.0,0.0,0.0,18,BAL,Balancer,18,auraBAL,Aura BAL,prod,Otex,true
0x000ee603a8db6a6c25621a0e75768747f245991063d14551faf5530d11f3df3f,0x731a0a8ab2c6fcad841e82d06668af7f18e34970,1667082347,9735943983,6.307375222174575e17,3.012314721532493e19,6.956630842e19,0xba100000625a3754423978a60c9317c58a424e3d,0x616e8bfa43f920657b3497dbf40d6b1a02d4608d,0xf23f23f1f656bc100cf14aacd6173404258392bc9393c9b093c3c76c3f441d3270a0e916bf70583601bc3a5b8676a17d354881fb635dacd7,0.0,0.0,0.0,0.0,18,BAL,Balancer,18,auraBAL,Aura BAL,prod,QuasiModo,true
0x000012606964c50c94724a64bfc15f9a7746c6acb4923197575ccd94b23d2db9,0xde1c59bc25d806ad9ddcbe246c4b5e5505645718,1648449982,26612766385,3.086419753086419e15,7.665547019077172e17,1.0e17,0xc02aaa39b223fe8d0a0e5c4f27ead9083c756cc2,0x6810e776880c02933d47db1b9fc05908e5386b96,0x8b819086f258b4b38ce498a3de773427baaafecb00c05ff2b518f674e02e6c512cac8830d0a4bb04728ccaf7bbeefead7751721362416070,0.09950105587198683,0.1,329.898511448169,331.5527745480412,18,WETH,Wrapped Ether,18,GNO,Gnosis Token,prod,Gnosis_1inch,false
0x000f887a433e1f632fcef8b29bee50e99494d00db2a200467acdfba64d7032a0,0xe92f359e6f05564849afa933ce8f62b8007a1d5d,1636449902,134755886128,69060089.0,1.2418522114048479e23,1.3e11,0x383518188c0c6d7730d91b2c03a03c837814a899,0x6b175474e89094c44da98b954eedeac495271d0f,0x80c1e78a34443a336d81b5652906322bff78b93a206f2f3440b05c95f21e5738008d63fab8179ee0ae2082bb57c72ed0c61f990f618a44d7,25.858585537078337,26.205020604180277,124185.22114048479,125848.96703088486,9,OHM,Olympus,18,DAI,Dai Stablecoin,prod,Gnosis_0x,false
0x00011f3edd4ae433f7256e07da0e79b02e81c9830d1908b52ab93f5955f5ef25,0xe9ae2d792f981c53ea7f6493a17abf5b2a45a86b,1664525399,10680065924,1958945555.0,5.197647464263276e22,4.913210473296e12,0x64aa3364f17a4d01c6f1751fd97c2bd3d7e7f1d5,0x6b175474e89094c44da98b954eedeac495271d0f,0x99554f1b6ce52548bafddd00e05fb1e1a34ddde52e4704d1204f073e0c553841c0471f8a0ca9ac3e234448344284dca8e93e0b586336a8cf,38.721256287439,0.0,51976.47464263276,0.0,9,OHM,Olympus,18,DAI,Dai Stablecoin,prod,Gnosis_ParaSwap,true
0x00054d7ca0fa6d02901d2b8af6817a8fbb22ee230933f6af098c9d7ee078b838,0xa6ddbd0de6b310819b49f680f65871bee85f517e,1637113852,140493628961,3.116830072186e17,1.4233648244070036e21,7.0e18,0x70401dfd142a16dc7031c56e862fc88cb9537ce0,0x6b175474e89094c44da98b954eedeac495271d0f,0xa3dd7f41c8ba44bbc0f070580da03dd06540e839a8f85d27afe092c363a7830d9021142742bd7c6e040b800ff8bbec355cf339cd61947458,0.3386408331902603,0.0,1423.3648244070037,0.0,18,BIRD,Bird.Money,18,DAI,Dai Stablecoin,prod,Legacy,false
0x000d747dfaa8474caeffffdb090cc19a90ca58f6812ffa7cb61307fe0288da1c,0xe92f359e6f05564849afa933ce8f62b8007a1d5d,1638005983,97250448131,7.19987721954948e19,1.7758110887643517e22,1.5255897921636262e22,0x72b886d09c117654ab7da13a14d603001de0b777,0x6b175474e89094c44da98b954eedeac495271d0f,0xec4c549cb0c2b6dd19723d4cd2ce1f432f4ef9e46a92b5c23a2e9b89daacd7d6527abbd3b14eaec4a5539b9186d18e71d0f6d81661a20073,4.279269714909432,0.0,17758.110887643517,0.0,18,XDEFI,XDEFI,18,DAI,Dai Stablecoin,prod,Gnosis_0x,false
0x00057afeeecde2934287b2b28f32601b575143ca43f23cff979aa970d68dacd8,0xde1c59bc25d806ad9ddcbe246c4b5e5505645718,1652449728,113580262334,1.5738610417998234e20,7.4866820981e23,7.5e23,0x853d955acef822db058eb8505911ed77f175b99e,0x6b175474e89094c44da98b954eedeac495271d0f,0x2da5eb88855ed63313c25ba8d5154332d5bd51727f6237bdc86b364c19bcd1b787839e0378c62d8962c76726cfdd932a97ef626a627e687c,354.5887869012906,355.2445175480975,748668.20981,748525.2504922254,18,FRAX,Frax,18,DAI,Dai Stablecoin,prod,Gnosis_1inch,false
0x00061ed73913f0678f173d0d09d6c885cfe338d849aa684d64dd95dc41ce5e42,0xda869be4adea17ad39e1dfece1bc92c02491504f,1658196204,20946423426,22207171.0,1.3272462795745505e22,1.3239e10,0xa0b86991c6218b36c1d19d4a2e9eb0ce3606eb48,0x6b175474e89094c44da98b954eedeac495271d0f,0x2aef457505cd375fb4e201f5ccaef76dcc4660befd805e9cdec2933c8da658b8129436d21ce486f18f4f008fb6993e2f9dbb604462d61132,8.708195171681817,8.687639385253227,13272.462795745503,13239.0,6,USDC,USD Coin,18,DAI,Dai Stablecoin,prod,Gnosis_0x,true
0x0002289c6e52338cbe45b7bae0979fb1f04517e6c4d36ca52ff9efe5fb646b39,0xe92f359e6f05564849afa933ce8f62b8007a1d5d,1638081266,75124045428,3.248960531429288e15,7.549337278075251e20,1.902000078606584e17,0xc02aaa39b223fe8d0a0e5c4f27ead9083c756cc2,0x6b175474e89094c44da98b954eedeac495271d0f,0x6efa69f36c9f9b16842e1fd4416c6b64a471741990500088a0468dc2ab090dae59064d3562f29a6bf45e07428ead5d33c664edc561a3296c,0.18626681668248168,0.1902000078606584,754.9337278075251,770.8748317100104,18,WETH,Wrapped Ether,18,DAI,Dai Stablecoin,prod,Gnosis_0x,false
0x000e077c2bf5acdb0ad311cf7b538090b16ef701d11b324ff33d22b2b7a5c2d8,0xe18b5632df2ec339228dd65e4d9f004ef59653d3,1660491139,14393607572,3.086419753086419e15,1.8078919447428916e21,9.152058029344243e17,0xc02aaa39b223fe8d0a0e5c4f27ead9083c756cc2,0x6b175474e89094c44da98b954eedeac495271d0f,0x5bea9023f293242ea46e3c9fda729d0a3e9fd2c2e62d5a93f9b0d1befbd4d033905c1ca2ac32ee0799e4aa31927f1166a93f3b1762f91c30,0.9122589665447984,0.9152058029344243,1807.8919447428916,1813.7319112070834,18,WETH,Wrapped Ether,18,DAI,Dai Stablecoin,prod,Atlas,false
0x00073d8a24c45de688c2a9f649db5a60976e2da1d21f959d8f90f2adbb0b16e4,0xc9ec550bea1c64d779124b23a26292cc223327b6,1670153987,10850658670,2335508.0,1.0751580278537858e20,100000000.0,0xa0b86991c6218b36c1d19d4a2e9eb0ce3606eb48,0x7d1afa7b718fb893db30a3abc0cfc608aacfebb0,0x024b159343013146f06b9b2931cf7dff4e0275f8f367811ae2ff5a422658c862f44308483897cc80c44e8c88a62cc4260c58262c638c8dbc,0.0778066621766955,0.07952214100130682,97.88601878406729,100.0,6,USDC,USD Coin,18,MATIC,Matic Token,prod,Otex,true
0x0003ecefb9120ada0e2a38aad61cadd97d025cd7df5a4dc0bfc203773c0e80af,0xc9ec550bea1c64d779124b23a26292cc223327b6,1672196159,14570377797,2.498594660134942e15,1.9672528093872998e18,2.15e18,0xc02aaa39b223fe8d0a0e5c4f27ead9083c756cc2,0x7f39c581f595b53c5cb19bd0b3f8da6c935e2ca0,0x20e19118e1527e542d5a9cb61635172655fa01358b8a70a930b319439fd0236440a50cf069e992aa4536211b23f286ef88752187ffffffff,2.146323704989573,2.15,2596.2444708707753,2600.6809214307546,18,WETH,Wrapped Ether,18,wstETH,Wrapped liquid staked Ether 2.0,prod,Otex,true
0x0009c93035c26f8a0cbe0d8c888fb84937cf7de64997c352472def25558a856a,0xb20b86c4e6deeb432a22d773a221898bbbd03036,1672872827,34674196292,7.653414227290424e15,3.920258738522733e19,4.278165195741901e19,0xc02aaa39b223fe8d0a0e5c4f27ead9083c756cc2,0x7f39c581f595b53c5cb19bd0b3f8da6c935e2ca0,0xd71140c30788bf553b85c39bde0f43ab7baa42e960874d52c3ceb4770ebd1c7aea13f4d577daa2a6025fa92773d1c9d85cacf42363b60a39,42.751457077654656,42.78165195741901,53415.978592148465,53594.57923495656,18,WETH,Wrapped Ether,18,wstETH,Wrapped liquid staked Ether 2.0,prod,Gnosis_1inch,true
0x0004abf9ed7e540eb47459eccd66577fb286f29ccb68b74941c6c93a92020ee1,0xa21740833858985e4d801533a808786d3647fb83,1673714735,17736066801,8129972.0,9.620107746066708e21,1000000000.0,0xdac17f958d2ee523a2206206994597c13d831ec7,0x940a2db1b7008b6c776d4faaca729d6d4a4aa551,0xb43deb172b034afa70b07af72268224d3292e8c6ca45e5315a0d541596a96b4aa00d8a199f21abe7eb55fc362c4b651fd47dfa4a63c2de85,0.6438528639029633,0.6544664694344784,983.7828123712949,1000.0,6,USDT,Tether USD,18,DUSK,Dusk Network,prod,Laertes,true
0x00015b1d6dac818af02982121b503282fa0f0791a54f60c80fb7b9fb6d825969,0x97ec0a17432d71a3234ef7173c6b48a2c0940896,1673525867,16005428889,5845587.0,1.9437532069869012e22,4534683907.0,0xa0b86991c6218b36c1d19d4a2e9eb0ce3606eb48,0x967da4048cd07ab37855c090aaf366e4ce1b9f48,0x45777f3266ff47d16e6b1dea7839143d3b3def65c6e4914a98c32d19251e2c38b907b97daa86e2779cfc3c6be5d6b82db8e2227763c0011b,3.1964457080506725,3.2423744458426498,4470.449404905047,4534.683907,6,USDC,USD Coin,18,OCEAN,Ocean Token,prod,Quasilabs,true
0x000227402ed71f3d093e3cd02dfdbefe5fb37aecce77f773434ee7ce4ba48f58,0xe92f359e6f05564849afa933ce8f62b8007a1d5d,1639975708,46553452466,3.12212885137446e15,3.0e18,3.223193484357373e17,0xc02aaa39b223fe8d0a0e5c4f27ead9083c756cc2,0x990f341946a3fdb507ae7e52d17851b87168017c,0xd33baa1ce2ed4c031813758a0ce4f949aa6f3c51f0c56c9b24e47d332696737d650645071382603411ea1b09c745ea5493d8b2d961c01162,0.3181945252846674,0.3223193484357373,1245.0126227043827,1261.1519855199776,18,WETH,Wrapped Ether,18,STRONG,Strong,prod,Gnosis_0x,false
0x000f887a433e1f632fcef8b29bee50e99494d00db2a200467acdfba64d7032a0,0xe92f359e6f05564849afa933ce8f62b8007a1d5d,1636449902,134755886128,1.9108925300604613e20,1.0e20,1.7996747814195834e22,0x295b42684f90c77da7ea46336001010f2791ec8c,0x9e32b13ce7f2e80a01932b42553652e053d6ed8e,0x78d48200315e7e0bc74054d8b0ec456da296e06256e85aca968793983f76167fc23eef354eeafa70619a1a37f9139b9b09af826a618a4113,1.97679459596216,0.0,9493.507434769494,0.0,18,XI,Xi Token,18,Metis,Metis Token,prod,Gnosis_0x,false
0x000a110c5eb20d9f482eb7a8993bdadb6db1af58e44f56f66fe4ab5276806078,0xe92f359e6f05564849afa933ce8f62b8007a1d5d,1645702255,58024729799,6.727995159193737e21,1859648213.0,5.0263418533836607e23,0x090185f2135308bad17527004364ebcc2d37e5f6,0xa0b86991c6218b36c1d19d4a2e9eb0ce3606eb48,0x06090d5690b089f3d7cce3f0ab18cc4429e4404961f958a9c95841ea92963ea3a2faee9518ab8e3f78601650bc2e3e378ffea9a0621772d2,0.792118083311315,0.7847261169700936,1859.648213,1848.5238924476719,18,SPELL,Spell Token,6,USDC,USD Coin,prod,Gnosis_0x,false
0x0012f88286bc8fe02931bdde6b5f9bd0e821ad7c58996cbfa49cf11ad2bcb974,0x77ec2a722c2393d3fd64617bbaf1499c713e616b,1650544690,46590691264,1.1335959069635705e19,3.4488863697e10,1.0e22,0x0f2d719407fdbeff09d87557abb7232601fd9f29,0xa0b86991c6218b36c1d19d4a2e9eb0ce3606eb48,0x7c0e9dfade114dd8eb63f4ee7d6c60d7694134391cffaa63bd23f8dd4a6ade29e44e673f488d3117fe69ff923d609aa958b4d46a62615716,10.944296261319408,0.0,34488.863697,0.0,18,SYN,Synapse,6,USDC,USD Coin,prod,QuasiModo,false
0x000bdfe13bbc3cfe82c593cd7bfeffc3f1eafca0211729de615bbd92c37a4a63,0xc9ec550bea1c64d779124b23a26292cc223327b6,1661936130,14095773877,1.21238438e10,1005099752.0,2.5e12,0x2b591e99afe9f32eaa6214f7b7629768c40eeb39,0xa0b86991c6218b36c1d19d4a2e9eb0ce3606eb48,0x6308affab162674435bebdad0cb77722b6f651794b660336b8d76ac2b5343b6d42c5a785e701e56bbdd4ffa647c8d03964f2a0fa630f4396,0.634438764153275,0.6369706624988701,1005.099752,1009.1108726045916,8,HEX,HEX,6,USDC,USD Coin,prod,Otex,true
0x0012f88286bc8fe02931bdde6b5f9bd0e821ad7c58996cbfa49cf11ad2bcb974,0x77ec2a722c2393d3fd64617bbaf1499c713e616b,1650544690,46590691264,2.384208078888842e16,5982355961.0,2.35e18,0x333a4823466879eef910a04d473505da62142069,0xa0b86991c6218b36c1d19d4a2e9eb0ce3606eb48,0x02c29177a95a1e2b022df152a42264d5a8296e7f3e8ca401750d28f5a838ff2caf7daee76e04e01219714ca771ed31aad4c1e5ef62615d3e,1.898371501974108,0.0,5982.355961,0.0,18,NATION,Nation3,6,USDC,USD Coin,prod,QuasiModo,false
0x000a110c5eb20d9f482eb7a8993bdadb6db1af58e44f56f66fe4ab5276806078,0xe92f359e6f05564849afa933ce8f62b8007a1d5d,1645702255,58024729799,1.6955772814176604e18,7.3381449531e10,4.369639e21,0x4e3fbd56cd56c3e72c1403e103b45db9da5b9d2b,0xa0b86991c6218b36c1d19d4a2e9eb0ce3606eb48,0x05ce8d0a66b2d45ce3b5a0cbf0a0d7110ca34e44403649d2e365cc2ac82957530a17b2dcf5cceee10bb202017a06d7303b2fcb3f6217730c,31.25686500638264,30.84465451762218,73381.449531,72654.30886906132,18,CVX,Convex Token,6,USDC,USD Coin,prod,Gnosis_0x,false
0x0000eb0ede5f863bdb1716ee2614e8002b798004704a47b758d75f5f86f9838f,0xde786877a10dbb7eba25a4da65aecf47654f08ab,1643815289,113195266740,4.40204761019039e19,4699847482.0,4.744196622954702e21,0x6b175474e89094c44da98b954eedeac495271d0f,0xa0b86991c6218b36c1d19d4a2e9eb0ce3606eb48,0x351fe0a5da44fcce880b193df14ad8fec1560ad24751bb47ab7a58feb23ee9011b9e47e499b779d2bcb6d627f9f8e2947db4d3ec61faa86c,1.7558410332569547,1.7724096648511067,4699.847482,4744.1966229547015,18,DAI,Dai Stablecoin,6,USDC,USD Coin,barn,Gnosis_0x,true
0x00015b1d6dac818af02982121b503282fa0f0791a54f60c80fb7b9fb6d825969,0x97ec0a17432d71a3234ef7173c6b48a2c0940896,1673525867,16005428889,0.0,500500500.0,5.0e20,0x6b175474e89094c44da98b954eedeac495271d0f,0xa0b86991c6218b36c1d19d4a2e9eb0ce3606eb48,0x3ef53f8c3c5ef9b033904d25d1fcc401d486607002a682a4f4ce032f3b9d43958d74fd94b4a99f97e88a2583f19f9754ed921ba763c7d1e3,0.35786618529825326,0.35750831947046335,500.5005,500.0,18,DAI,Dai Stablecoin,6,USDC,USD Coin,prod,Quasilabs,true
0x00015b1d6dac818af02982121b503282fa0f0791a54f60c80fb7b9fb6d825969,0x97ec0a17432d71a3234ef7173c6b48a2c0940896,1673525867,16005428889,0.0,500705427.0,5.0e20,0x6b175474e89094c44da98b954eedeac495271d0f,0xa0b86991c6218b36c1d19d4a2e9eb0ce3606eb48,0x5dd11032947399448ec672baf7b2b0cc3d3a752086c69ac8d45733b1940a3ef68d74fd94b4a99f97e88a2583f19f9754ed921ba763c6833f,0.3580127115130215,0.35750831947046335,500.705427,500.0,18,DAI,Dai Stablecoin,6,USDC,USD Coin,prod,Quasilabs,true
0x00015b1d6dac818af02982121b503282fa0f0791a54f60c80fb7b9fb6d825969,0x97ec0a17432d71a3234ef7173c6b48a2c0940896,1673525867,16005428889,0.0,500705427.0,5.0e20,0x6b175474e89094c44da98b954eedeac495271d0f,0xa0b86991c6218b36c1d19d4a2e9eb0ce3606eb48,0x5df7cb57cccb7388b6c540cad31b80b2ddf6e8ad66289315a636f162cfeb6b10db34edc8c96608c64126600e0470d65173e9e74163c7d3f6,0.3580127115130215,0.35750831947046335,500.705427,500.0,18,DAI,Dai Stablecoin,6,USDC,USD Coin,prod,Quasilabs,true
0x00015b1d6dac818af02982121b503282fa0f0791a54f60c80fb7b9fb6d825969,0x97ec0a17432d71a3234ef7173c6b48a2c0940896,1673525867,16005428889,0.0,500688192.0,5.0e20,0x6b175474e89094c44da98b954eedeac495271d0f,0xa0b86991c6218b36c1d19d4a2e9eb0ce3606eb48,0x6b346f999c5f8d3ac5baf7cfd31c96a6c2fb7ac32522ce9d0a43a56c5f1396e98d74fd94b4a99f97e88a2583f19f9754ed921ba763c7d206,0.35800038820124935,0.35750831947046335,500.688192,500.0,18,DAI,Dai Stablecoin,6,USDC,USD Coin,prod,Quasilabs,true
0x00015b1d6dac818af02982121b503282fa0f0791a54f60c80fb7b9fb6d825969,0x97ec0a17432d71a3234ef7173c6b48a2c0940896,1673525867,16005428889,0.0,500500500.0,5.0e20,0x6b175474e89094c44da98b954eedeac495271d0f,0xa0b86991c6218b36c1d19d4a2e9eb0ce3606eb48,0x71eb907f930cdf7c789c5bbf7926934cd681105a862b870f1743211a4fcc472b8d74fd94b4a99f97e88a2583f19f9754ed921ba763c7d1ce,0.35786618529825326,0.35750831947046335,500.5005,500.0,18,DAI,Dai Stablecoin,6,USDC,USD Coin,prod,Quasilabs,true
0x00015b1d6dac818af02982121b503282fa0f0791a54f60c80fb7b9fb6d825969,0x97ec0a17432d71a3234ef7173c6b48a2c0940896,1673525867,16005428889,0.0,500500500.0,5.0e20,0x6b175474e89094c44da98b954eedeac495271d0f,0xa0b86991c6218b36c1d19d4a2e9eb0ce3606eb48,0x793e1ba1e8ecee560c5fc0930af083d53adaa5e17775256469d3192f4af7f28f8d74fd94b4a99f97e88a2583f19f9754ed921ba763c7d1d9,0.35786618529825326,0.35750831947046335,500.5005,500.0,18,DAI,Dai Stablecoin,6,USDC,USD Coin,prod,Quasilabs,true
0x00015b1d6dac818af02982121b503282fa0f0791a54f60c80fb7b9fb6d825969,0x97ec0a17432d71a3234ef7173c6b48a2c0940896,1673525867,16005428889,0.0,500500500.0,5.0e20,0x6b175474e89094c44da98b954eedeac495271d0f,0xa0b86991c6218b36c1d19d4a2e9eb0ce3606eb48,0xd16aef0f6c144b572e3c7a62b698d397782c6d7ec78a3f861837f0ac876b7c968d74fd94b4a99f97e88a2583f19f9754ed921ba763c7d1ee,0.35786618529825326,0.35750831947046335,500.5005,500.0,18,DAI,Dai Stablecoin,6,USDC,USD Coin,prod,Quasilabs,true
0x00015b1d6dac818af02982121b503282fa0f0791a54f60c80fb7b9fb6d825969,0x97ec0a17432d71a3234ef7173c6b48a2c0940896,1673525867,16005428889,0.0,500500500.0,5.0e20,0x6b175474e89094c44da98b954eedeac495271d0f,0xa0b86991c6218b36c1d19d4a2e9eb0ce3606eb48,0xfe4ef71935cc59a89106612b6661274ac71ee50d78852c8ffa9c9033acd8bf818d74fd94b4a99f97e88a2583f19f9754ed921ba763c7d1c4,0.35786618529825326,0.35750831947046335,500.5005,500.0,18,DAI,Dai Stablecoin,6,USDC,USD Coin,prod,Quasilabs,true
0x000f887a433e1f632fcef8b29bee50e99494d00db2a200467acdfba64d7032a0,0xe92f359e6f05564849afa933ce8f62b8007a1d5d,1636449902,134755886128,2.757076063674225e17,4063639044.0,1.2331413298300547e19,0x7fc66500c84a76ad7e9c93437bfc5ac33e2ddae9,0xa0b86991c6218b36c1d19d4a2e9eb0ce3606eb48,0x6b80b319f8d6b6c2109bc8adb1974b023bc1b41760493faa7727653a98b9dbab33695e75855517222fa3a26d1abf28b13b7bd478618a4520,0.8461550967664125,0.8667402517052676,4063.639044,4159.694127262354,18,AAVE,Aave Token,6,USDC,USD Coin,prod,Gnosis_0x,false
0x0001db221385a803b9e66b45659057db5cd6f407ca8e0bcef7cfba264c0e61d3,0xb20b86c4e6deeb432a22d773a221898bbbd03036,1667238107,28274492442,4.425136901025694e19,2.746125707e10,2.5e22,0x9813037ee2218799597d83d4a5b6f3b6778218d9,0xa0b86991c6218b36c1d19d4a2e9eb0ce3606eb48,0x0b3a8ba96fd9525dfbc23a9c1ea2abc19806fc2f9a42a94b4065fa2965001bc3a5e0ecb5d075e86c3bf5d1b1042e154fee9a479863600fb1,17.538532260256876,17.711219381117747,27461.25707,27712.302650619637,18,BONE,BONE SHIBASWAP,6,USDC,USD Coin,prod,Gnosis_1inch,true
0x000ad431d6dd4ed5cd4f3e2c18f61fd52b484fb97b15781c4be120f69cb7d68d,0x77ec2a722c2393d3fd64617bbaf1499c713e616b,1647436761,40179806171,5.520127010289513e16,734104339.0,5.0e18,0x990f341946a3fdb507ae7e52d17851b87168017c,0xa0b86991c6218b36c1d19d4a2e9eb0ce3606eb48,0x82fb837b6d0e403e7de79d3662c6ddc2a6b431ecad14111d95292f200f7306b63f58ae880be95a336cf323a8fbd5df6428d83f2a6231ea3a,0.2748132215962537,0.28076950669589373,734.104339,750.0152719258939,18,STRONG,Strong,6,USDC,USD Coin,prod,QuasiModo,false
0x000333304ffb573b4e2bcb97dc580ba0bc4fd3b231e2c148fedf6d495a8b372e,0x3cee8c7d9b5c8f225a8c36e7d3514e1860309651,1663228931,26906048712,9.038583464694222e19,573936830.0,5.0e21,0xa1faa113cbe53436df28ff0aee54275c13b40975,0xa0b86991c6218b36c1d19d4a2e9eb0ce3606eb48,0x6d10de573aa75641e970af3c7258f6c59913c2b019f015186461b8c7305b0c2f32a59b87352e980dd6ab1baf462696d28e63525d6322de0e,0.35127352239514764,0.0,573.93683,0.0,18,ALPHA,AlphaToken,6,USDC,USD Coin,prod,Baseline,true
0x000479b81b2b164290f1624f24ee3c79b57cb1bc1554f03f034b47cdf76d74a8,0xde1c59bc25d806ad9ddcbe246c4b5e5505645718,1651855777,76018824055,9.812413512746992e18,1.37460643523e11,1.0075909987515832e22,0xba100000625a3754423978a60c9317c58a424e3d,0xa0b86991c6218b36c1d19d4a2e9eb0ce3606eb48,0x3ebe55afbd0e4cfc3df0add766771a6047fab1351405e543473bcb14e66bbf4a64ca35bef43e3358d91001e3fb98ad04fbaef86462755603,50.845067544120376,0.0,137460.643523,0.0,18,BAL,Balancer,6,USDC,USD Coin,prod,Gnosis_1inch,false
0x000a849f7c9207f2f28942d581f65d9f4583d96de4e76174229df5786b87bf88,0xa21740833858985e4d801533a808786d3647fb83,1675277543,18625290430,1.6017543946777572e18,5660922137.0,8.627156897512762e20,0xba100000625a3754423978a60c9317c58a424e3d,0xa0b86991c6218b36c1d19d4a2e9eb0ce3606eb48,0xc199d2655453079387dddde8137b2ee4667a3eb06791e70705707c3a33cca2ab6feb7be522db641a5c0f246924d8a92cf321869263dab69a,3.585106675534361,0.0,5660.922137,0.0,18,BAL,Balancer,6,USDC,USD Coin,prod,Laertes,true
0x00030d1548bc098bb5bb070efa7c5703f59d80fed66a5d2bfc91cda884183afc,0x2d15894fac906386ff7f4bd07fceac43fcf80c73,1649511944,31074719404,2.777777777777777e15,3569341541.0,1.11e18,0xc02aaa39b223fe8d0a0e5c4f27ead9083c756cc2,0xa0b86991c6218b36c1d19d4a2e9eb0ce3606eb48,0xcc686467ca762222341519c243a88c4d7ee5a96f194db9f86d3165462e0f1e059bbc502058450392fb6a40f6a82bcfe450a389cf6251943e,1.1066632829331609,1.11,3569.341541,3580.103516228514,18,WETH,Wrapped Ether,6,USDC,USD Coin,prod,DexCowAgg,false
0x0005c3b48d9a70367302ffb268c6e438fddcdd91a6b692d25fa9664e2799f603,0xe58c68679e7aab8ef83bf37e88b18eb1f6e30e22,1655912145,40014628425,5.674027498324577e16,2.78133767374e11,2.5320781834973895e20,0xc02aaa39b223fe8d0a0e5c4f27ead9083c756cc2,0xa0b86991c6218b36c1d19d4a2e9eb0ce3606eb48,0x862f39a61405919d755a9dab4df1ed189c4c596640910db1b823e9c404ff318ff2aba42dcff6f912a2a6b4a52c279ad3246b17b962b33dd1,252.89202227823074,253.20781834973894,278133.767374,278481.08379109856,18,WETH,Wrapped Ether,6,USDC,USD Coin,prod,PLM,false
0x000802bb157c4077b88d367a5859d3945004f3c0d41973efe849f9e58a1bbb21,0x2d15894fac906386ff7f4bd07fceac43fcf80c73,1639800029,79101648295,1.0380629241728076e16,3448908738.0,9.0e17,0xc02aaa39b223fe8d0a0e5c4f27ead9083c756cc2,0xa0b86991c6218b36c1d19d4a2e9eb0ce3606eb48,0xbeaec83a1e166286937d791340dfffbe9740a76d76ff46e7deb60de18f810ec798745402b4299cca67028f546dff52f62a15f3c461bd63ba,0.8887470621856156,0.9,3448.908738,3492.5773555487976,18,WETH,Wrapped Ether,6,USDC,USD Coin,prod,DexCowAgg,false
0x000b8ec24a8123f9f2aff82a742526155bd60f3f75811d20342c1269fdc63cac,0xe92f359e6f05564849afa933ce8f62b8007a1d5d,1640497488,56022472984,5.471072157192568e15,350110940.0,9.275580253728568e16,0xc02aaa39b223fe8d0a0e5c4f27ead9083c756cc2,0xa0b86991c6218b36c1d19d4a2e9eb0ce3606eb48,0xdac79246d97f117270968df96b9469e651eef50ebaadacd24d0401838309d9f1a65e62020c136952079c36f04c6f1cb3809e26e761c807f3,0.08703404362871797,0.09275580253728569,350.11094,373.12779991377994,18,WETH,Wrapped Ether,6,USDC,USD Coin,prod,Gnosis_0x,false
0x000e0d4838aaf3dcc47958c0406717ef2f540fe3619754a55fa16c110afd458d,0x149d0f9282333681ee41d30589824b2798e9fb47,1664596247,6387537512,1.0e15,502957610.0,3.7963411132651226e17,0xc02aaa39b223fe8d0a0e5c4f27ead9083c756cc2,0xa0b86991c6218b36c1d19d4a2e9eb0ce3606eb48,0xca171c0d4e58c444d370e004ea5cc3176652308d31c64cbd68f4e17cc7d6f1282f7b7b0ea9b9cec865b38600551e6eb51014dfa36337bff5,0.37860448651605294,0.37963411132651226,502.95761,504.32541638452193,18,WETH,Wrapped Ether,6,USDC,USD Coin,prod,PLM,true
0x00116fc14802013a58e6104e6b40db721744449a389ccd6cf70c0bb32020ac3e,0xde1c59bc25d806ad9ddcbe246c4b5e5505645718,1642578568,82893180762,5.552236922769594e16,7.31683061112e11,2.4e20,0xc02aaa39b223fe8d0a0e5c4f27ead9083c756cc2,0xa0b86991c6218b36c1d19d4a2e9eb0ce3606eb48,0x06c6c8738c240d04fe02f3502cff459df815d8f66a90008f7e7165fd817405680a53e28f2f7b27971e18a6305c2c74a449badd2e61e7c6a5,239.2222511393256,240.0,731683.061112,734061.8768970884,18,WETH,Wrapped Ether,6,USDC,USD Coin,prod,Gnosis_1inch,false
0x0012c800956ee8e95b88b22fdd6d64672922d5f9def9a250708b68d478602f39,0xe58c68679e7aab8ef83bf37e88b18eb1f6e30e22,1655311984,85205196690,2.129270867338453e16,4422281461.0,4.108367932889663e18,0xc02aaa39b223fe8d0a0e5c4f27ead9083c756cc2,0xa0b86991c6218b36c1d19d4a2e9eb0ce3606eb48,0x09bffb961643d9524a33a0329cd5dd84282c979e3371687b7bd4f07200225f4653fc8954cad03b73217d8124ed25f80d6d43553b62aa133d,4.097020448629667,4.108367932889663,4422.281461,4434.529818044143,18,WETH,Wrapped Ether,6,USDC,USD Coin,prod,PLM,false
0x00021aa9a1ffebe8dea97e94fe2a7480ce09802b9b6ddb4160c635f18caaa1f1,0xda869be4adea17ad39e1dfece1bc92c02491504f,1664772587,4720845745,8.334109981975279e17,29647639.0,1.9787400321510728e19,0xc0c293ce456ff0ed870add98a0828dd4d2903dbf,0xa0b86991c6218b36c1d19d4a2e9eb0ce3606eb48,0x68cb1f937afeb34e0170ebc620b9564a1bbfd328102a219f54b4b74ae59a5b2e9335108b49107b3dcf933033a51592d1fda05ef5633a70c0,0.022968150223544155,0.0,29.647639,0.0,18,AURA,Aura,6,USDC,USD Coin,prod,Gnosis_0x,true
0x001141827e7d5a237a7e348899590546156b51824e28f0e57ddebe71821486b5,0xb20b86c4e6deeb432a22d773a221898bbbd03036,1668052067,25470868376,7.784844131739932e20,8806010216.0,1.41191415e23,0xc944e90c64b2c07662a292be6244bdf05cda44a7,0xa0b86991c6218b36c1d19d4a2e9eb0ce3606eb48,0xeb03ba0544864d7eeca10cef75b1e18b19002e0476d999409e5ba0a16b148a0982e4d78c6c62d461251fa5a1d4deb9f0fe378e30636c7ab6,7.483814239028626,7.63212480458819,8806.010216,8935.414702516979,18,GRT,Graph Token,6,USDC,USD Coin,prod,Gnosis_1inch,true
0x000c5499aa46f2ab514445757657249038beba1119244449780753d2506e5ab5,0x6d1247b8acf4dfd5ff8cfd6c47077ddc43d4500e,1666109267,38156063708,31921547.0,1.068519904342e12,1.06857501e12,0xdac17f958d2ee523a2206206994597c13d831ec7,0xa0b86991c6218b36c1d19d4a2e9eb0ce3606eb48,0x1c05ee16175bec2ed2fa311ca4797d3fd931ab08d26219b2dd43b7e72d60537477b4c9590c486b0b8d32d526a7deb7c6364bd9bb634ed625,819.4634420122723,819.5057033421693,1068519.904342,1068575.01,6,USDT,Tether USD,6,USDC,USD Coin,prod,DexCowAgg,true
0x000e9ba018e834539c416a7764e34096e07f76bd2da433b7ac4512d8adefa056,0x77ec2a722c2393d3fd64617bbaf1499c713e616b,1640612797,64418827385,2876266.0,1.0942416471e10,1.0918943356e10,0xdac17f958d2ee523a2206206994597c13d831ec7,0xa0b86991c6218b36c1d19d4a2e9eb0ce3606eb48,0xbb869d18f34da842007400ee30b88a5dda4d4b764a28f333f2f2e2a374757f7de63a13eedd01b624958acfe32145298788a7a7ba61c9c3ea,2.6790452813591403,2.673298329746925,10942.416471,10918.943356,6,USDT,Tether USD,6,USDC,USD Coin,prod,QuasiModo,false
0x000de7fe275a692b25f49b614589171afd1b2ebde32705a40f87a2e603a8c28e,0xc9ec550bea1c64d779124b23a26292cc223327b6,1670610107,24471057703,1.5582123527566265e21,529752418.0,9.063281349281e22,0xf1dc500fde233a4055e25e5bbf516372bc4f6871,0xa0b86991c6218b36c1d19d4a2e9eb0ce3606eb48,0x8c2ff2d7ec7c10ae79952b108c011c9d9ac3d7ce10c270683907bab6bbf4ed206a73204db71f8e054bf9a0680b02ae96f700b59563938379,0.4168949290322161,0.0,529.752418,0.0,18,SDL,Saddle DAO,6,USDC,USD Coin,prod,Otex,true
0x00135d45b5a511c74cccc87416a9e5b84328055204aa7ebc95cb6b540b8daba7,0xe92f359e6f05564849afa933ce8f62b8007a1d5d,1644201307,98763585229,1.3158002438618772e21,2.3908981025981286e21,5.0e22,0x3431f91b3a388115f00c5ba9fdb899851d005fb5,0xa47c8bf37f92abed4a126bda807a7b7498661acd,0x1b657d3d9631c38542062d35cc48010e02613d5e9d774ff4bf924ecaf18b31f76fc42cf9198a05040fbfbec404ba6c590a610eb56200933f,0.7902510172686544,0.0,2391.0485351834777,0.0,18,GERO,GeroWallet,18,UST,Wrapped UST Token,prod,Gnosis_0x,false
0x0012eed9dc932f78ca18f297690b341a206b4851b56f1d626025b598215898a8,0xe92f359e6f05564849afa933ce8f62b8007a1d5d,1644308882,90293860767,71652657.0,5.633135123890498e21,5705542816.0,0xa0b86991c6218b36c1d19d4a2e9eb0ce3606eb48,0xa47c8bf37f92abed4a126bda807a7b7498661acd,0xa9161ea588c5da445d9d8b1ee412c550efbbde6381bb74447c4749b4c617da2fe710fa4b244208164785dc48d880abcdaefffd656202303e,1.7974359660659385,1.8226998194085775,5635.128532507826,5705.542816,6,USDC,USD Coin,18,UST,Wrapped UST Token,prod,Gnosis_0x,false
0x0007a5a7a3575217d5ee457c8d98db2b65882704a60c0bf5bbaf229d1c4a0b4d,0xde1c59bc25d806ad9ddcbe246c4b5e5505645718,1648451608,24368033177,1.929012345679012e15,4.031423336127056e17,4.146081331284693e17,0xc02aaa39b223fe8d0a0e5c4f27ead9083c756cc2,0xae78736cd615f374d3085123a210448e74fc6393,0xe41670b468c2babec8e7b91d4e0dde670aa5dc9331f26451bcf556f2e65f7d8ebf55840fb232457a4cdb89a1fa501bb7fa4b3d9362416485,0.4124719348039748,0.41460813312846934,1367.5617265531973,1375.3451467477407,18,WETH,Wrapped Ether,18,rETH,Rocket Pool ETH,prod,Gnosis_1inch,false
0x0011db509b42040f103fdc9e54c72b4a1593bfe6eba98bf28ff6b5da4b1d1442,0x149d0f9282333681ee41d30589824b2798e9fb47,1668424343,12533763996,0.0,2.9630204566199366e17,2.9235278884162714e17,0xc02aaa39b223fe8d0a0e5c4f27ead9083c756cc2,0xae7ab96520de3a18e5e111b5eaab095312d7fe84,0x542561bb32396712c77b654185d2c33bc6a0fb2e50ae197007f284705cc57d6309bedd66e7d3ac89e0aba5f00c52cae299c00a1d63722600,0.29345815758356053,0.29235278884162713,347.4833327552772,367.9202078816635,18,WETH,Wrapped Ether,18,stETH,Liquid staked Ether 2.0,prod,PLM,true
0x000c6da29e5ea3974f2bdb8b9362ef9cdf1265ccdf47485f50a6fd9264459204,0xa21740833858985e4d801533a808786d3647fb83,1668548207,16634133159,1.1638449906095291e17,7.024490087322502e18,1.3e20,0xf1b99e3e573a1a9c5e6b2ce818b617f0e664e86b,0xae7ab96520de3a18e5e111b5eaab095312d7fe84,0x0d390ce166beafd1eac8a0629c64c8d94725e1be70ac5400d780dc84d4cd00d3d3266ca0f6e005151b34cc57d2a46bcb0572ebe263740d4c,6.955221296223031,6.999451939891878,8800.045962129669,8714.358548356651,18,oSQTH,Opyn Squeeth,18,stETH,Liquid staked Ether 2.0,prod,Laertes,true
0x0009cdacc6f9aaa63e4a4de0c32ebe37583cf02814c0598e0abd9a27c211f1de,0xc9ec550bea1c64d779124b23a26292cc223327b6,1661033867,10026273297,4.3833911202219745e18,5.0e20,4.409718391120222e21,0x6b175474e89094c44da98b954eedeac495271d0f,0xb6ca7399b4f9ca56fc27cbff44f4d2e4eef1fc81,0xf132ffcd0e9a3476094115be745a53528b47488394f078a7e1d583961b32e426deeb758e147ea422e6bad89bcfafabfac052794963016458,0.0,2.791426309931514,0.0,4409.718391120222,18,DAI,Dai Stablecoin,18,MUSE,Muse,prod,Otex,true
0x001141827e7d5a237a7e348899590546156b51824e28f0e57ddebe71821486b5,0xb20b86c4e6deeb432a22d773a221898bbbd03036,1668052067,25470868376,22141785.0,1.778662622861685e20,6434026372.0,0xa0b86991c6218b36c1d19d4a2e9eb0ce3606eb48,0xc00e94cb662c3520282e6f5717214004a7f26888,0xd29648fedd54dfe639ec6e9779ba665aac0da86e1fbec0670c8c3455535f0fe3eaf6ec5d5b4a9406a2eea7f7cd30a844d2b72f89636c762a,5.448796961661553,5.467976642767421,6169.251768720256,6434.026372,6,USDC,USD Coin,18,COMP,Compound,prod,Gnosis_1inch,true
0x0012730483da9b18f7e9f5dcc536427f09568582b4239e7ca146ec6de71668e3,0xe92f359e6f05564849afa933ce8f62b8007a1d5d,1642239903,160210688829,1.6425468553e10,4.241163898052232e17,4.5e11,0x15d4c048f83bd7e37d49ea4c83a07267ec4203da,0xc02aaa39b223fe8d0a0e5c4f27ead9083c756cc2,0xdc2164909568c1444731659396dbaf16a8bd0135999ee4afeefac44c350fcc4fecf8e8bcdeb5413be0115245eb69b8d3a64d1f0361e29e6d,0.42411638980522315,0.4415782296599147,1407.9810051788681,1465.950797014011,8,GALA,Gala,18,WETH,Wrapped Ether,prod,Gnosis_0x,false
0x0002289c6e52338cbe45b7bae0979fb1f04517e6c4d36ca52ff9efe5fb646b39,0xe92f359e6f05564849afa933ce8f62b8007a1d5d,1638081266,75124045428,1.5822796416714056e18,2.4257700825116378e17,5.1820362798772716e19,0x33349b282065b0284d756f0577fb39c158f935e6,0xc02aaa39b223fe8d0a0e5c4f27ead9083c756cc2,0xd7ad3eba2edd9341d1fe7caefe03626d0d45b2433867129a20c0185c3e9180601e8ee48d0621289297693fc98914da2efdce147761a32910,0.2425770082511638,0.0,983.1572170561024,0.0,18,MPL,Maple Token,18,WETH,Wrapped Ether,prod,Gnosis_0x,false
0x0012c800956ee8e95b88b22fdd6d64672922d5f9def9a250708b68d478602f39,0xe58c68679e7aab8ef83bf37e88b18eb1f6e30e22,1655311984,85205196690,6.1531289222934364e19,7.656395262040712e17,1.0e21,0x41545f8b9472d758bb669ed8eaeeecd7a9c4ec29,0xc02aaa39b223fe8d0a0e5c4f27ead9083c756cc2,0xf62e0f0d32441553338fcdfb51e29696131782bb3739a73ec9dd940189e03446d442deb96b90e3b3135653705c3ef1feefb346be62aa150e,0.7656395262040712,0.0,826.4233788907651,0.0,18,FORT,Forta,18,WETH,Wrapped Ether,prod,PLM,false
0x00122c06800202fc6152135c1d1722457337d37f7e30d06f161eefb87c9ec7db,0x149d0f9282333681ee41d30589824b2798e9fb47,1675235867,13787539156,3.8137529311015527e21,1.0158530320215316e18,1.638335497012268e24,0x6bc08509b36a98e829dffad49fde5e412645d0a3,0xc02aaa39b223fe8d0a0e5c4f27ead9083c756cc2,0xa1bbe1f6c4b7583ce2a244411cd25028348471ab497df94d3ea3bcd14e421ce7c879fa366f29592798daf0eb8540bcfba3fc2abd63da18f8,1.0158530320215318,1.0284852373976328,1599.615737323832,1619.5070738457177,18,WOOF,WoofWork.io,18,WETH,Wrapped Ether,prod,PLM,true
0x000e077c2bf5acdb0ad311cf7b538090b16ef701d11b324ff33d22b2b7a5c2d8,0xe18b5632df2ec339228dd65e4d9f004ef59653d3,1660491139,14393607572,3.970966116669054e16,5.259858260199086e19,1.0e20,0x9f8f72aa9304c8b593d555f12ef6589cc3a579a2,0xc02aaa39b223fe8d0a0e5c4f27ead9083c756cc2,0x27e59de9b7c3e60989e726da3506169dc6c66bc89823a2f434ee11735639372100e286b5256aa6cf252d5a8a5a7b8c20ec3bc4d562f93e70,52.598582601990856,53.093559320075,104238.55207606025,104985.3764257635,18,"","",18,WETH,Wrapped Ether,prod,Atlas,false
0x000e0d4838aaf3dcc47958c0406717ef2f540fe3619754a55fa16c110afd458d,0x149d0f9282333681ee41d30589824b2798e9fb47,1664596247,6387537512,0.0,3.7863411132651226e17,502952579.0,0xa0b86991c6218b36c1d19d4a2e9eb0ce3606eb48,0xc02aaa39b223fe8d0a0e5c4f27ead9083c756cc2,0x5175a298fb4e785a213f6ef8a33a8207a958aab5fbb54d0e050740d78a35be6309bedd66e7d3ac89e0aba5f00c52cae299c00a1d6337bc95,0.37863411132651226,0.37860069939933816,502.9969651170046,502.952579,6,USDC,USD Coin,18,WETH,Wrapped Ether,prod,PLM,true
0x0002289c6e52338cbe45b7bae0979fb1f04517e6c4d36ca52ff9efe5fb646b39,0xe92f359e6f05564849afa933ce8f62b8007a1d5d,1638081266,75124045428,2.309523660637079e17,3.7978550783053696e18,2.0886184134576518e20,0xc18360217d8f7ab5e7c516566761ea12ce7f9d72,0xc02aaa39b223fe8d0a0e5c4f27ead9083c756cc2,0xcd2fe6ccc76c6c255d224da2f6b6fbf2141e4c61f8bad70ab4c0ac3087e3f60ecfd8eb9a3ae17018b1587b0874eb6dcf99834e0261a34cad,3.79785507830537,3.7974629655907504,15392.590816781085,15391.00159590621,18,ENS,Ethereum Name Service,18,WETH,Wrapped Ether,prod,Gnosis_0x,false
0x0009cdacc6f9aaa63e4a4de0c32ebe37583cf02814c0598e0abd9a27c211f1de,0xc9ec550bea1c64d779124b23a26292cc223327b6,1661033867,10026273297,7.974690055393534e16,1.211889288298621e18,3.3e19,0xd084944d3c05cd115c09d072b9f44ba3e0e45921,0xc02aaa39b223fe8d0a0e5c4f27ead9083c756cc2,0x9ad76bb8f948907aafeae04021f123df0d5982bc06d7ede26ace36aa940e8fc6e1124d0bc0035ec6beb1570b5837d86060d2dcda63015e35,1.2118892882986207,1.224624733357303,1914.4658999589135,1934.5845490146178,18,FOLD,Manifold Finance,18,WETH,Wrapped Ether,prod,Otex,true
0x00058d2e67db8a6e8557e2ee5db21d3e1f48dbb4c941be82f0be465c9b0995b8,0xa6ddbd0de6b310819b49f680f65871bee85f517e,1635856185,132718343887,250735258.0,1.5309451243339364e18,2.2826401538e10,0xd8e3fb3b08eba982f2754988d70d57edc0055ae6,0xc02aaa39b223fe8d0a0e5c4f27ead9083c756cc2,0xfa23b0bd3776e50e02dff6f918bc4efb59b5f916e79b3c2fd24d897911f4f68c256bb5ad3dbdf61ae08d7cbc0b9223ccb1c60aae6181316a,1.5309451243339363,0.0,6790.191045049508,0.0,9,ZORA,Zoracles,18,WETH,Wrapped Ether,prod,Legacy,false
0x000cec1d2231f79bd0f724d568b1e6694af88c9c9a80afe70fa65005b7f683c5,0xe92f359e6f05564849afa933ce8f62b8007a1d5d,1638234569,127436442061,72439598.0,1.830335209735746e19,8.2330381093e10,0xdac17f958d2ee523a2206206994597c13d831ec7,0xc02aaa39b223fe8d0a0e5c4f27ead9083c756cc2,0x99c14237f1c707dd9d64e89956e3995c4bdf4101fb9f4bca65de504663af50c1ab45160c38e9781347fad728b7331e260181219861a58014,18.303352097357457,18.335947026745302,82184.02634217714,82330.381093,6,USDT,Tether USD,18,WETH,Wrapped Ether,prod,Gnosis_0x,false
0x000d1776f051b93b06d4e0eca48b2428479edaf9853c32e3d7b77efd91bd2e70,0xe92f359e6f05564849afa933ce8f62b8007a1d5d,1649486092,33137135715,3.086419753086419e15,6.776109352720352e19,1.5e17,0xc02aaa39b223fe8d0a0e5c4f27ead9083c756cc2,0xc2544a32872a91f4a553b404c6950e89de901fdb,0xe942dfe5616000ab2d7ae54f56378824103034e646a096d75bf25dfee5fe72d0820b52287ef9e5248e929901d036ba06dabb48ee62512b1a,0.0,0.15,0.0,482.41477859201154,18,WETH,Wrapped Ether,18,FPIS,Frax Price Index Share,prod,Gnosis_0x,false
0x001388f4623d13d7d09dbcb0041e2a6cfb83510807054adb0d52a8aaeecaebb9,0xe58c68679e7aab8ef83bf37e88b18eb1f6e30e22,1655035293,24718105993,2.777777777777777e15,3.3694570811341666e22,2.0e18,0xc02aaa39b223fe8d0a0e5c4f27ead9083c756cc2,0xc5102fe9359fd9a28f877a67e36b0f050d81a3cc,0x10117177ab7622b6f61528f43757529608175ff99dca1c39e07a493fe9b9cc644ffad6ac852c0af0aa301376f4c5dea3a928b12062a5dc55,0.0,2.0,0.0,2935.3747826251283,18,WETH,Wrapped Ether,18,HOP,Hop,prod,PLM,false
0x000cec1d2231f79bd0f724d568b1e6694af88c9c9a80afe70fa65005b7f683c5,0xe92f359e6f05564849afa933ce8f62b8007a1d5d,1638234569,127436442061,5.644198674589353e19,2.325145964538541e22,2.6968725874644437e22,0x956f47f50a910163d8bf957cf5846d573e7f87ca,0xc7283b66eb1eb5fb86327f08e1b5816b0720212b,0xee646e853c92d135732b0210cff5a9118f333130f37db1dba1dabb4c4f4458ec8bcf7e0ca3de9ec2637a76184eb746e844d2e2f661a58026,6.042127123200156,6.014922701678685,26964.63500036653,26968.725874644435,18,FEI,Fei USD,18,TRIBE,Tribe,prod,Gnosis_0x,false
0x000d2cf3687c2b89c96a9e9191700b0aabfc524fc30967db6c67e682568a2763,0xc9ec550bea1c64d779124b23a26292cc223327b6,1675074683,14231981991,4640195.0,2.5238841545433812e20,6360360355.0,0xa0b86991c6218b36c1d19d4a2e9eb0ce3606eb48,0xd084944d3c05cd115c09d072b9f44ba3e0e45921,0x09e88e5dbb68b2b28bb0c345ffa4721c3ca006bac5a13fa400c2f1eb6b26486e65f61c8148fe3c2537314e3fad0f33c5021243e763d7c65e,4.018142085915331,3.9989630362588025,6390.819391451698,6360.360355,6,USDC,USD Coin,18,FOLD,Manifold Finance,prod,Otex,true
0x0004ffeb0bbfc6b1ff8976c8fdc730ec9a19a7ef438c47f8c5961f32987a0bcd,0x149d0f9282333681ee41d30589824b2798e9fb47,1661197209,23280051092,5.947926338035444e19,3.8514458841635923e21,7.310000000000001e21,0x73968b9a57c6e53d41345fd57a6e6ae27d6cdb2f,0xd533a949740bb3306d119cc777fa900ba034cd52,0x008ea50a4ff666defb8ae515657af6ae2ca155cb36020ef2bb9b4b85806013c6b0e83c2d71a991017e0116d58c5765abc57384af6303dda2,2.535263358362864,0.0,3959.769572234603,0.0,18,SDT,Stake DAO Token,18,CRV,Curve DAO Token,prod,PLM,true
0x000bfaef25c8af21cbe8919a39a3f267cfcfb6a0ef0d6977c4de2c1661e435ec,0xe92f359e6f05564849afa933ce8f62b8007a1d5d,1637555090,158295800643,7.944970493217104e19,9937665860.0,9.99975204305034e21,0x5f98805a4e8be255a32880fdec7f6728c6568ba0,0xdac17f958d2ee523a2206206994597c13d831ec7,0x6e75938427432e55e431cc5a75491748d9708ba6be11a424e152e5803d7fa6d001914d6e47657d6a7893f84fc84660dc5aec08b6619b222a,2.3835638741476823,2.3893375714882965,9937.66586,10029.412553734915,18,LUSD,LUSD Stablecoin,6,USDT,Tether USD,prod,Gnosis_0x,false
0x000ee5d5e9932d4b52955a5eee249b3dfedfd27421293671cf300e0768356aa0,0xde1c59bc25d806ad9ddcbe246c4b5e5505645718,1639516652,84487256020,5.380617780760034e19,1.9832435528e10,1.02335906986532e22,0x675bbc7514013e2073db7a919f6e4cbef576de37,0xdac17f958d2ee523a2206206994597c13d831ec7,0xf328b63f9edff37192408f8429381fb9e587eaa937b2e24d5780f317cdb5a5fe1d216b8706be76f7906eb5872835ce5567fd2ef561b91012,5.1518774894462664,0.0,19832.435528,0.0,18,CLS,Coldstack,6,USDT,Tether USD,prod,Gnosis_1inch,false
0x000b3ed9eb539f3bb6f73b842dcc2e5fc29351421c42f97222d703fcf5c6aa67,0xda869be4adea17ad39e1dfece1bc92c02491504f,1672250543,21049627749,0.0,1.0027750691e10,1.0011574881125822e22,0x6b175474e89094c44da98b954eedeac495271d0f,0xdac17f958d2ee523a2206206994597c13d831ec7,0xdb5e155dc4dc6d32124fd9354a8e79be7f455d2eb54185a209ffc7b73f306975cc1e31a178c10b1f007b6144425a8fc306d159ed63d34f81,8.38191614823895,8.368395241489951,10027.750691,10011.574881125824,18,DAI,Dai Stablecoin,6,USDT,Tether USD,prod,Gnosis_0x,true
0x000f887a433e1f632fcef8b29bee50e99494d00db2a200467acdfba64d7032a0,0xe92f359e6f05564849afa933ce8f62b8007a1d5d,1636449902,134755886128,2.41464296107889e22,1.5904395265e10,4.03888602e24,0x6c936d4ae98e6d2172db18c16c4b601c99918ee6,0xdac17f958d2ee523a2206206994597c13d831ec7,0x77655a3986f91a6bfde46dadd1ca0948166afb4888746b8fefc1573476a526b4b6cdb3cf4768136bd74d5c9dd25d26665a54a8b1618a450e,3.3117077990323955,0.0,15904.395265,0.0,18,LIFE,Life Crypto,6,USDT,Tether USD,prod,Gnosis_0x,false
0x0003662793e0dde72fba9b84b1a2e4b9de668caa1ecf463882438acece6b4cb7,0x6fa201c3aff9f1e4897ed14c7326cf27548d9c35,1653854045,42263833456,19355037.0,1.4996670648e10,1.5e10,0xa0b86991c6218b36c1d19d4a2e9eb0ce3606eb48,0xdac17f958d2ee523a2206206994597c13d831ec7,0xa90b71f3b2f8f9c20b7a7810d6fc979515e00bfa55e9f7a39fdfca244c1aa82036fdb65d2d484b036ade6a2a418b05da0c848f1b6293d632,8.382215907176464,8.384076810036174,14996.670648,15000.0,6,USDC,USD Coin,6,USDT,Tether USD,prod,Otex,false
0x000b0ae7495e93d3457d1ee2de6c981bfe29abd9bb699ebce439bdec7a84188d,0xa6ddbd0de6b310819b49f680f65871bee85f517e,1634296822,120636115633,2.052647491444762e19,7332196807.0,3.011766072341522e21,0xbfd815347d024f449886c171f78fa5b8e6790811,0xdac17f958d2ee523a2206206994597c13d831ec7,0x609706124f6f196bf3c9e8172627435ca8f60b6287ef6b1e8b4e52c475b47703ac910b0711baeea68a013daa7f04d498e796707861697b37,1.9398804335510607,0.0,7332.196807,0.0,18,AAPX,AMPnet APX Token,6,USDT,Tether USD,prod,Legacy,false
0x000d1776f051b93b06d4e0eca48b2428479edaf9853c32e3d7b77efd91bd2e70,0xe92f359e6f05564849afa933ce8f62b8007a1d5d,1649486092,33137135715,1.6553869490662303e20,1755824690.0,2.8612053713250167e22,0xccba0b2bc4babe4cbfb6bd2f1edc2a9e86b7845f,0xdac17f958d2ee523a2206206994597c13d831ec7,0x75991ba895581b629e802f90659a24e4fe9bce078373670e94336af2ef7a1b946e03004f0f795697c572e537b168614e824e389f62512fcb,0.5459486632409758,0.0,1755.82469,0.0,18,WINTER,Winter Token,6,USDT,Tether USD,prod,Gnosis_0x,false
0x0007a40d7bdad7faac042da835b7779f153e20da7dfa8bd34c50aa1ede529741,0xe92f359e6f05564849afa933ce8f62b8007a1d5d,1637753163,110189077951,3.648716436127552e20,6.149323016520553e20,6.419008321222922e21,0x7fc3ec3574d408f3b59cd88709bacb42575ebf2b,0xdb5c3c46e28b53a39c255aa39a411dd64e5fed9c,0x0876ec9b996fd2435c6a62cbd8f78380fbf210cd46f1fe43e2294aa1de91d5f266fa1896ef188c9c002ae6bbb8b1fd7c79e285b6619e276c,0.4192641418577144,0.0,1791.13681883446,0.0,18,POP!,POP!,18,NCR,Neos Credits,prod,Gnosis_0x,false
0x000e3e914e989fd94c6a3213725384663e552f6beaee6f6840a9c465b082d3af,0x97dd6a023b06ba4722af8af775ec3c2361e66684,1639077051,98707051494,33869632.0,200000000.0,7993259010.0,0xa0b86991c6218b36c1d19d4a2e9eb0ce3606eb48,0xdb726152680ece3c9291f1016f1d36f3995f6941,0xe1cb4653613da72c45c4f3c180882b09be5e264b5e94107644d9c5fc981dfcaae7207afc5cd57625b88e2ddbc4fe9de794a76b0f61b25acb,0.0,1.9324470762994204,0.0,7993.25901,6,USDC,USD Coin,6,MEDIA,Media Network Token,barn,Gnosis_0x,false
0x00028a1be3498218c048fbe15a9da92b152e5496b2b93d6aecf1b750437d9bc0,0x2d15894fac906386ff7f4bd07fceac43fcf80c73,1648495150,107086320530,30849173.0,1.0e22,1.7518881096e10,0xa0b86991c6218b36c1d19d4a2e9eb0ce3606eb48,0xdef1ca1fb7fbcdc777520aa7f396b4e015f497ab,0xeafd5e0425c49b8679b05dfa7ba07d7b81cd39e68b676659fd09f945898e0240fb62df8935504b3f1c2b13b10aa9d8ee67e3469062421035,5.060834781846065,5.13030628955617,17281.650994239648,17518.881096,6,USDC,USD Coin,18,COW,CoW Protocol Token,prod,DexCowAgg,false
0x00028a1be3498218c048fbe15a9da92b152e5496b2b93d6aecf1b750437d9bc0,0x2d15894fac906386ff7f4bd07fceac43fcf80c73,1648495150,107086320530,5.167310106751791e15,1.5600198575977918e22,8.0e18,0xc02aaa39b223fe8d0a0e5c4f27ead9083c756cc2,0xdef1ca1fb7fbcdc777520aa7f396b4e015f497ab,0x205b9ee0205ae0ef12b3a59ca0f97223335e740b9e2ff97c421381c2190cfa144d928359e8556197f161f4927a928dfde9c3d1a862420f87,7.89500275570145,8.0,26959.718723088474,27318.26149508993,18,WETH,Wrapped Ether,18,COW,CoW Protocol Token,prod,DexCowAgg,false
0x00030d1548bc098bb5bb070efa7c5703f59d80fed66a5d2bfc91cda884183afc,0x2d15894fac906386ff7f4bd07fceac43fcf80c73,1649511944,31074719404,3.086419753086419e15,1.4383374801508193e21,2.71948466e17,0xc02aaa39b223fe8d0a0e5c4f27ead9083c756cc2,0xdef1ca1fb7fbcdc777520aa7f396b4e015f497ab,0x43e15ff8226d09ec92fb8923a27a2935bfd92f6cd2674612514b0c21d475ff7c90eaada442b745cdc4365fd24e0deef5e23b9dc662519479,0.2687339206978018,0.271948466,866.7524814595267,877.1204138374328,18,WETH,Wrapped Ether,18,COW,CoW Protocol Token,prod,DexCowAgg,false
0x000de7fe275a692b25f49b614589171afd1b2ebde32705a40f87a2e603a8c28e,0xc9ec550bea1c64d779124b23a26292cc223327b6,1670610107,24471057703,4.481696653368554e15,4.790162060556021e20,3.2404342324301132e16,0xc02aaa39b223fe8d0a0e5c4f27ead9083c756cc2,0xdef1ca1fb7fbcdc777520aa7f396b4e015f497ab,0x64fe8fe70cd3915ebfc1fead37293c2cd1e5d361b53168860c50688ddc5d967eed03c484f4e22095ca89bf41c2eb2c4b23a443bd63938386,0.028140182240084206,0.03240434232430113,36.260603576063666,41.176511165171114,18,WETH,Wrapped Ether,18,COW,CoW Protocol Token,prod,Otex,true
0x000288cb3225fb4e554e83823e8fa192cb1c3d820ac98086f00d688ad3891663,0xbfaf2b5e351586551d8bf461ba5b2b5455b173da,1634277016,128260859303,4.0429060587139514e19,9.646697e21,2.4896136336920685e21,0x6b175474e89094c44da98b954eedeac495271d0f,0xe4cfe9eaa8cdb0942a80b7bc68fd8ab0f6d44903,0xc179efa547973f6d60fdfabf268d2a44df36beab6192ed4ac403f9b9c521e2dfb0f4b88d29667607e88198a12e6b19700b08abf16169195f,0.0,0.6470916054112446,0.0,2489.6136336920686,18,DAI,Dai Stablecoin,18,XEND,XEND,barn,Baseline,false
0x000e72352d17bd37ce500766ba1284a750243b6bbfa652bf9a2aa55fc40568be,0xa6ddbd0de6b310819b49f680f65871bee85f517e,1634865695,75001138169,4.3834971681783695e18,4.708415788166754e16,5.0e19,0x111111111117dc0aa78b770fa6a738034120c302,0xeeeeeeeeeeeeeeeeeeeeeeeeeeeeeeeeeeeeeeee,0x64dbc26673ba8858bf865362527a32aebd2d4cfc9d12097c76a1315d781df80c007c4bb067d9b6afeb4c13415477d396123c4aa3617216a5,0.04708415788166753,0.051012442803299696,194.88608460814376,208.40712991747756,18,1INCH,1INCH Token,18,"","",prod,Legacy,false
0x00028a1be3498218c048fbe15a9da92b152e5496b2b93d6aecf1b750437d9bc0,0x2d15894fac906386ff7f4bd07fceac43fcf80c73,1648495150,107086320530,2.2717650271e10,1.9374782650132243e17,2.56466225936e11,0x15d4c048f83bd7e37d49ea4c83a07267ec4203da,0xeeeeeeeeeeeeeeeeeeeeeeeeeeeeeeeeeeeeeeee,0xbb8359f8c2ca47afc648756fc2014979a3c89a6a6121c89e419736ef6ebffd504e0e19e7bbbce26ecf38d10e5041f49c931b5070624210ae,0.1937478265013224,0.2140780971415213,661.606723558555,731.0301797604178,8,GALA,Gala,18,"","",prod,DexCowAgg,false
0x0002289c6e52338cbe45b7bae0979fb1f04517e6c4d36ca52ff9efe5fb646b39,0xe92f359e6f05564849afa933ce8f62b8007a1d5d,1638081266,75124045428,8.10699036846304e23,1.88e18,3.1853533715538875e26,0x20f6a313cb250062331fe70b9567e3ee5f01888b,0xeeeeeeeeeeeeeeeeeeeeeeeeeeeeeeeeeeeeeeee,0x0f40f8bea78f14139baf5bd457acbd39f2ce81c4132eb41bc6acddf1cec4fbeb8db5f313b372e6a4c1c1d8a8aa8f23b30cd7fa4061a32978,1.88,0.0,7619.582669400016,0.0,18,WGMI,WGMI,18,"","",prod,Gnosis_0x,false
0x000bfaef25c8af21cbe8919a39a3f267cfcfb6a0ef0d6977c4de2c1661e435ec,0xe92f359e6f05564849afa933ce8f62b8007a1d5d,1637555090,158295800643,1.2756750304210344e25,1.3384168798097257e18,1.2e27,0x20f6a313cb250062331fe70b9567e3ee5f01888b,0xeeeeeeeeeeeeeeeeeeeeeeeeeeeeeeeeeeeeeeee,0xe5de996b36c6c106b7960f75a1804bdda2ff7a926f17012f1da93a03ef4c9e6b11b596a3b05485c758605dddd11d20bf87398a6e619b222e,1.3384168798097258,0.0,5580.51876067972,0.0,18,WGMI,WGMI,18,"","",prod,Gnosis_0x,false
0x00097297e722157d9434d16e8c68bbac9448433359d749292ab660f95c811600,0x97ec0a17432d71a3234ef7173c6b48a2c0940896,1673812559,20854653454,2.149984791268171e18,3.321816594876414e18,6.0e20,0x3432b6a60d23ca0dfca7761b7ab56459d9c964d0,0xeeeeeeeeeeeeeeeeeeeeeeeeeeeeeeeeeeeeeeee,0xa6701fdf56d516a14d9dd467742213e1b9a6fda2f990e8b8e34c8efdbae7715b22bffefb6da1f90c7f8200381efb47f894d46c4c63c46124,3.321816594876414,3.345173404326385,5155.147306687146,5191.397968894576,18,FXS,Frax Share,18,"","",prod,Quasilabs,true
0x000bdfe13bbc3cfe82c593cd7bfeffc3f1eafca0211729de615bbd92c37a4a63,0xc9ec550bea1c64d779124b23a26292cc223327b6,1661936130,14095773877,5.349814983499432e19,2.8805625067446314e17,5.0e21,0x375abb85c329753b1ba849a601438ae77eec9893,0xeeeeeeeeeeeeeeeeeeeeeeeeeeeeeeeeeeeeeeee,0x7de307b3e51e631a843455a80fffab6893a9afa3f39eac31b38da22f40575422df610269c6587c579e76b03fba17ee51dd02b0c8630f28f5,0.2880562506744631,0.28961147525907605,456.3486383139822,458.8124786916819,18,PDT,Paragons DAO Token,18,"","",prod,Otex,true
0x000704471c3c9be3c19a1178649e144c91dd9310e6b7f6dd4fec8e45dda76f54,0x833f076d182123ca8dde2743045ea02957bd61ef,1638370360,132064790118,110252177.0,3.4008304145174267e18,2.0e10,0x383518188c0c6d7730d91b2c03a03c837814a899,0xeeeeeeeeeeeeeeeeeeeeeeeeeeeeeeeeeeeeeeee,0x8d4a420a750d9933d890b0292b50c8a1271069d1da348801a37c5d50c93865662dee9eabe9ded31ec351117856250a6792d3c38061a79322,3.4008304145174266,3.458299530143392,16143.032822245843,16415.826730420486,9,OHM,Olympus,18,"","",prod,Baseline,false
0x000b8ec24a8123f9f2aff82a742526155bd60f3f75811d20342c1269fdc63cac,0xe92f359e6f05564849afa933ce8f62b8007a1d5d,1640497488,56022472984,1.4826810399814505e24,1.9742567549515213e17,9.64393779134e25,0x3b484b82567a09e2588a13d54d032153f0c0aee0,0xeeeeeeeeeeeeeeeeeeeeeeeeeeeeeeeeeeeeeeee,0x67091ef02d57212ec562fef9cea84cca9e2a9162d8ce77f0ab4d1858883eddd877d90ecf4ada0b1b1163a67f220ecc4e730741ca61c80696,0.19742567549515214,0.19920850119627617,794.1822067076218,801.3539610700807,18,SOS,SOS,18,"","",prod,Gnosis_0x,false
0x0003d213c529393f5423bae44bf674b9cefe928ab4553bfbc8b71648a0f8fc85,0xa6ddbd0de6b310819b49f680f65871bee85f517e,1634836209,138829724554,2.559038886017828e18,1.293770171272524e17,3.199e19,0x3ec8798b81485a254928b70cda1cf0a2bb0b74d7,0xeeeeeeeeeeeeeeeeeeeeeeeeeeeeeeeeeeeeeeee,0x41ace5534a67249dda7023f92d84a4160932890ff505b72392b48a55f118f2e946af3eb9b2838e2a242c82f3eebaf107635fbda76171a361,0.1293770171272524,0.0,528.1706241168624,0.0,18,GRO,Gro DAO Token,18,"","",prod,Legacy,false
0x0005334e7590474ec9099f1624bd707bde659385e106768b481286e7a660cece,0xe92f359e6f05564849afa933ce8f62b8007a1d5d,1640265898,71648771670,4.785317257863085e20,1.3349485191405562e17,1.1596000000000001e22,0x44709a920fccf795fbc57baa433cc3dd53c44dbe,0xeeeeeeeeeeeeeeeeeeeeeeeeeeeeeeeeeeeeeeee,0xf45a6534b7ba00d5335767ada5181313b248236d1032793b9edcdde0ce5e164193cdb0a93fc36f6a53ed21ecf6305ab80d06beca61c47ca8,0.1334948519140556,0.0,527.5343651926721,0.0,18,RADAR,DappRadar,18,"","",prod,Gnosis_0x,false
0x0003aa64ac253d7314f21d62f300c01b64d0bef042665ce09dac19a6c6a5ccd0,0xde1c59bc25d806ad9ddcbe246c4b5e5505645718,1649603726,90085868847,9.248250450866147e17,4.9945744080004416e17,1.4740664708389252e20,0x4d224452801aced8b2f0aebe155379bb5d594381,0xeeeeeeeeeeeeeeeeeeeeeeeeeeeeeeeeeeeeeeee,0xeb866d6228c712c1987fbbe22d1c1371b1fbe80a8ddcaf99c3c57a94ab4267eafd37f4625ca5816157d55a5b3f7dd8dd5f8a0c2f6252fb11,0.4994574408000442,0.5016004541632583,1621.560493914955,1628.5180953517329,18,APE,ApeCoin,18,"","",prod,Gnosis_1inch,false
0x00134fc4aad0337ca55480c307777e8470f74a598ad2acd982080698471c5feb,0xc9ec550bea1c64d779124b23a26292cc223327b6,1658892804,11077315310,5.911149791451021e17,4.253048973011844e17,1.0130231944660589e20,0x4e3fbd56cd56c3e72c1403e103b45db9da5b9d2b,0xeeeeeeeeeeeeeeeeeeeeeeeeeeeeeeeeeeeeeeee,0x21f66f64cee71563a747367ea84fd81eb5126a7d9e260ac90f666328f2d220f94026b3da349c2952255ca9db4f055ea57f4e037c62e0b51d,0.4253048973011844,0.4273255564700366,609.1358496239988,613.2383911423398,18,CVX,Convex Token,18,"","",prod,Otex,true
0x000012606964c50c94724a64bfc15f9a7746c6acb4923197575ccd94b23d2db9,0xde1c59bc25d806ad9ddcbe246c4b5e5505645718,1648449982,26612766385,1.0247085415462345e19,1.5978508265481904e16,6.334016770212777e19,0x6b175474e89094c44da98b954eedeac495271d0f,0xeeeeeeeeeeeeeeeeeeeeeeeeeeeeeeeeeeeeeeee,0x15d95aaa251a6d2c76bb4634024f55eaeefea5c73045cbabe808c079a2d00c733d1d06c7488d15a357e68013b2c5d93ecd29f0bd62416064,0.015978508265481906,0.0191040982204026,52.97718748559335,63.34016770212777,18,DAI,Dai Stablecoin,18,"","",prod,Gnosis_1inch,false
0x000098565f5db850d433551d27993087f2fbf4ec533f7fdd8fd868302caca19e,0xc9ec550bea1c64d779124b23a26292cc223327b6,1656651460,17645394095,3.2313084852875863e18,1.8867456936295786e17,1.990821e20,0x6b175474e89094c44da98b954eedeac495271d0f,0xeeeeeeeeeeeeeeeeeeeeeeeeeeeeeeeeeeeeeeee,0x6244200e093994aced6d6b1c296806adb349bb85a6bdc1582ef6c793017693235ae082c3a0c551cc21761a986909571e20896f9b62be858b,0.18867456936295787,0.18993472834565994,197.76125099679072,199.0821,18,DAI,Dai Stablecoin,18,"","",prod,Otex,true
0x0001843861ce44ec7003331cbfb984611ef3017e37273c7c2faaac8728b07486,0xa6ddbd0de6b310819b49f680f65871bee85f517e,1628774392,45350000000,4.158402886997602e18,3.4292948585092268e16,8.24440153e19,0x7d1afa7b718fb893db30a3abc0cfc608aacfebb0,0xeeeeeeeeeeeeeeeeeeeeeeeeeeeeeeeeeeeeeeee,0xeb6b29d334bf78e14acad6118c9c536b28eb0a7a857dbf734b67b2c481248947696dbe64333fe3a060041ada7263da6a4acd59da61152300,0.03429294858509227,0.0356836061782559,106.24949324761751,110.55815350142899,18,MATIC,Matic Token,18,"","",prod,Legacy,false
0x00116fc14802013a58e6104e6b40db721744449a389ccd6cf70c0bb32020ac3e,0xde1c59bc25d806ad9ddcbe246c4b5e5505645718,1642578568,82893180762,3.4166225760802464e17,1.1918786466365268e19,1.6732379599695705e20,0x7fc66500c84a76ad7e9c93437bfc5ac33e2ddae9,0xeeeeeeeeeeeeeeeeeeeeeeeeeeeeeeeeeeeeeeee,0xf69591db512c81449949e51efdfc91fda4e61394cc34135c8a980cdf0215fd1e0f4f6f4335148e36f7f95903bce3e59e0685f86061e7c8bc,11.918786466365269,11.947414515248916,36454.694849315434,36565.91401580939,18,AAVE,Aave Token,18,"","",prod,Gnosis_1inch,false
0x000d069671abcaf8b419cea1acb1f9c2c0b317e076271914bb4beed0245e289f,0xa6ddbd0de6b310819b49f680f65871bee85f517e,1631238318,135375001128,6.488318733494878e20,8.28610226550205e17,2.5e22,0x97abee33cd075c58bfdd174e0885e08e8f03556f,0xeeeeeeeeeeeeeeeeeeeeeeeeeeeeeeeeeeeeeeee,0xe09ad9f1f4aef7314e821136e3df12212abf8fe2ea6e79f8250832095fd8fc281eba4156edbc932dbba3ab346df0bc5dad090ca5613abf8e,0.8286102265502051,0.0,2897.9631522202885,0.0,18,SENT,Sentiment Token,18,"","",prod,Legacy,false
0x0000b671e285b4825e8205f9ff206baee7849d9331bf812674de83fd4f8fca4e,0xdae69affe582d36f330ee1145995a53fab670962,1648145708,61132586787,1.0754481824215798e17,4.684430433254384e16,1.2418571428571428e18,0x990f341946a3fdb507ae7e52d17851b87168017c,0xeeeeeeeeeeeeeeeeeeeeeeeeeeeeeeeeeeeeeeee,0x6669b9d04516df6702d2a600d0af1e4c816955d592d1431dd9fe32cc0e7b5b6299213f99ad8feed6383968660dda50a8097aeb3c623cbc1a,0.04684430433254384,0.051457373462444105,145.4607277079558,159.78520967355146,18,STRONG,Strong,18,"","",barn,DexCowAgg,true
0x0005334e7590474ec9099f1624bd707bde659385e106768b481286e7a660cece,0xe92f359e6f05564849afa933ce8f62b8007a1d5d,1640265898,71648771670,6.314353308354456e16,4.869019060816394e17,4.5e18,0x990f341946a3fdb507ae7e52d17851b87168017c,0xeeeeeeeeeeeeeeeeeeeeeeeeeeeeeeeeeeeeeeee,0xb58fceea4f99fae0ebf4e56c0a8705f21bbc51c62175f04507fa01c933d5e765bc44f6e8c043574548a437f4952adc6f7a08ba1461c47f0c,0.48690190608163947,0.4953605519996934,1924.1003248668,1957.5265307525744,18,STRONG,Strong,18,"","",prod,Gnosis_0x,false
0x00072df8dbefea228e1415f3380d53faef00b54657e2b838e3c852c3c7631ead,0xe33062a24149f7801a48b2675ed5111d3278f0f5,1644319740,55702466767,6.611764610022405e15,1.2204373529437763e18,7.961614431428571e18,0x990f341946a3fdb507ae7e52d17851b87168017c,0xeeeeeeeeeeeeeeeeeeeeeeeeeeeeeeeeeeeeeeee,0xcc256f8677bade8711e189cad91e1ef1552fb59aca3253957c0be034395d8c89af7fca77b62e8b11aba0527485e7e8157d018cfd62025ae3,1.2204373529437764,1.2254837841917616,3793.3674092078377,3809.052743471609,18,STRONG,Strong,18,"","",barn,Gnosis_1inch,true
0x000fe48e0d37623e990e9f2c0dd64e1120cccdfd9129236de0abba35e20d44e4,0xa6ddbd0de6b310819b49f680f65871bee85f517e,1629808796,73065363222,1.057431684721045e17,1.0313830343349288e17,1.0e18,0x990f341946a3fdb507ae7e52d17851b87168017c,0xeeeeeeeeeeeeeeeeeeeeeeeeeeeeeeeeeeeeeeee,0xb0ab448cba832fca332d248317146fc91047b0f8f49b00101e3a08f7113168a4cecce5a3da042e8ad4d1e2019b1551d4c898dd6e6124ef80,0.10313830343349288,0.0,341.66446352708476,0.0,18,STRONG,Strong,18,"","",prod,Legacy,false
0x000979f6c99ccbf4108b1c90e7fe7bb492e30e882c643b069bc6f0847ca27a1f,0x149d0f9282333681ee41d30589824b2798e9fb47,1665688391,31951045527,2.9294514642072416e16,5.087341345673062e18,7.0e18,0x9f8f72aa9304c8b593d555f12ef6589cc3a579a2,0xeeeeeeeeeeeeeeeeeeeeeeeeeeeeeeeeeeeeeeee,0x953a7c290be1e9561719209cb729d9a7de035eb51c8d75566150c73388af8d32fa7c0b7331d0f43ae6f9ebe02ac336c8986a701463486a0a,5.087341345673062,5.110902791777253,6568.647231705529,6585.665697657266,18,"","",18,"","",prod,PLM,true
0x0005c3b48d9a70367302ffb268c6e438fddcdd91a6b692d25fa9664e2799f603,0xe58c68679e7aab8ef83bf37e88b18eb1f6e30e22,1655912145,40014628425,3593500.0,3.867109345734287e17,428467729.0,0xa0b86991c6218b36c1d19d4a2e9eb0ce3606eb48,0xeeeeeeeeeeeeeeeeeeeeeeeeeeeeeeeeeeeeeeee,0xe8f426acf3e9c3ee808b082b4a33be742842290148016538228ad3faee5f397743803b21e7d8a78a0c8487b6e9c1ad159c721bb462b33dcd,0.3867109345734287,0.3895825792416893,425.3094587511107,428.467729,6,USDC,USD Coin,18,"","",prod,PLM,false
0x000ee5d5e9932d4b52955a5eee249b3dfedfd27421293671cf300e0768356aa0,0xde1c59bc25d806ad9ddcbe246c4b5e5505645718,1639516652,84487256020,168633174.0,2.5920208171639935e19,1.0e11,0xa0b86991c6218b36c1d19d4a2e9eb0ce3606eb48,0xeeeeeeeeeeeeeeeeeeeeeeeeeeeeeeeeeeeeeeee,0x17fccab9f196afa03c82fb82c37c23ed6386871767754aad6b4b573c08926ae4c0420a6c3913e5ce472a662e173f661f5d39801e61b9103f,25.920208171639935,25.97702880300656,99781.2658568556,100000.0,6,USDC,USD Coin,18,"","",prod,Gnosis_1inch,false
0x000f887a433e1f632fcef8b29bee50e99494d00db2a200467acdfba64d7032a0,0xe92f359e6f05564849afa933ce8f62b8007a1d5d,1636449902,134755886128,67875498.0,2.0633137611408586e18,1.0e10,0xa0b86991c6218b36c1d19d4a2e9eb0ce3606eb48,0xeeeeeeeeeeeeeeeeeeeeeeeeeeeeeeeeeeeeeeee,0xabe60ed6fb60bbf6ce4fed7c0711375d7c32032a8a76c656a66c2a201e100e8e461e76a4fe9f27605d4097a646837c32f1ccc31c618a432b,2.0633137611408587,2.082259491073077,9909.013597904384,10000.0,6,USDC,USD Coin,18,"","",prod,Gnosis_0x,false
0x001141827e7d5a237a7e348899590546156b51824e28f0e57ddebe71821486b5,0xb20b86c4e6deeb432a22d773a221898bbbd03036,1668052067,25470868376,8462574.0,1.2477747900553697e18,1475106978.0,0xa0b86991c6218b36c1d19d4a2e9eb0ce3606eb48,0xeeeeeeeeeeeeeeeeeeeeeeeeeeeeeeeeeeeeeeee,0xa6a712677aa7d59940a6dc4f4a3021ab00069cd33e83a54dbd1aedf56ac26badc506ef4519e2c82027e1ccb470766a59dcc8358f636c8b7b,1.2477747900553697,1.2536240970955157,1468.2242500344364,1475.106978,6,USDC,USD Coin,18,"","",prod,Gnosis_1inch,true
0x00120e6fa61f58a4828f9da618128ff639939824376366ceea89e8fb8dcf2b72,0xc9ec550bea1c64d779124b23a26292cc223327b6,1662426943,15334306333,11682795.0,1.2018912046335117e20,2.00789738761e11,0xa0b86991c6218b36c1d19d4a2e9eb0ce3606eb48,0xeeeeeeeeeeeeeeeeeeeeeeeeeeeeeeeeeeeeeeee,0x6a3ef7dfe4828636bd113b65fdb3a14dcdcac0a1c6bbf9355e6b9e7af35bde41f0caae5f0a2a28532c90219d7a2c8457c74f0e5a6316a593,120.18912046335117,120.10708841428908,200926.87632647317,200789.738761,6,USDC,USD Coin,18,"","",prod,Otex,true
0x000012606964c50c94724a64bfc15f9a7746c6acb4923197575ccd94b23d2db9,0xde1c59bc25d806ad9ddcbe246c4b5e5505645718,1648449982,26612766385,9.593727867653692e15,1.3152892674771223e18,6.448212e18,0xa1d65e8fb6e87b60feccbc582f7f97804b725521,0xeeeeeeeeeeeeeeeeeeeeeeeeeeeeeeeeeeeeeeee,0xd0249d0794e1dc6477d7e687025afd9791c982baa6ba980b0cf812b771c5e1c57739f114b09044f8dd2ce13bcd8c2ae54dbb89ec62415d94,1.3152892674771222,0.0,4360.878059653005,0.0,18,DXD,DXdao,18,"","",prod,Gnosis_1inch,false
0x0007e94b798b9e0191df631add52b4f5ee032bf481a89dceedd96f2065036f43,0xe92f359e6f05564849afa933ce8f62b8007a1d5d,1649652683,31572260083,9.806516602993693e18,4.800812429523932e18,1.529052252e22,0xa47c8bf37f92abed4a126bda807a7b7498661acd,0xeeeeeeeeeeeeeeeeeeeeeeeeeeeeeeeeeeeeeeee,0x7d8a5da3f71efa7644a50f5b743c5c657655be90a97be873b5e0664e7358e8d03deace28d6534f69a1ba7163141141eb0ed40c566253ba81,4.800812429523932,4.826620160322476,15248.000367500536,15298.983774525817,18,UST,Wrapped UST Token,18,"","",prod,Gnosis_0x,false
0x000e6bca673ddb2cb2d67f199ae899d4023c3d7507d281d44cc47bff85750456,0xf2d21ad3c88170d4ae52bbbeba80cb6078d276f4,1642073316,137425281737,1.6823676050594978e19,1.110432202255641e17,9.981055508742865e19,0xaaca86b876ca011844b5798eca7a67591a9743c8,0xeeeeeeeeeeeeeeeeeeeeeeeeeeeeeeeeeeeeeeee,0x0a66f628fa24705d5c65332d125973db03345118fb45181203517ea4697e3dfd7e2981db7fd65d64f745ed0ded5b4e496046dc3f61e013dd,0.1110432202255641,0.0,371.05190666054517,0.0,18,BIOS,BIOS,18,"","",prod,MIP,false
0x000c583421ccfb9b96bbc07b709e38abe5078f37d31b45a00e8c6f8d8b1475bf,0xa21740833858985e4d801533a808786d3647fb83,1671198539,17533742197,8.657095940208939e18,7.678476917659011e16,4.3311667177164715e20,0xab846fb6c81370327e784ae7cbb6d6a6af6ff4bf,0xeeeeeeeeeeeeeeeeeeeeeeeeeeeeeeeeeeeeeeee,0x4f76c744221cec84bd6dcc3f1ac68ead6038e6edb1ac7de7144e2f47105380d2e3e39161d35e9a81edec667a5387bfae85752854639c7e1a,0.07678476917659012,0.0,92.90866564631258,0.0,18,PAL,Paladin Token,18,"","",prod,Laertes,true
0x00012679ac527198fb544e2774df1217eb7b460437df4c70f2cc20a0cd9f12e4,0x15f4c337122ec23859ec73bec00ab38445e45304,1647661115,31111268042,7.042344188307196e15,4.607022129843862e19,4.5189968194837996e19,0xae78736cd615f374d3085123a210448e74fc6393,0xeeeeeeeeeeeeeeeeeeeeeeeeeeeeeeeeeeeeeeee,0xe6f637903841c782c99651ffaac6a33bfc7e8be6487c707a12f7f2a42a5817b50beceb88bf999727f52f0f8efed66d92c089bd45623551f3,46.07022129843862,46.112918071580175,135975.59344424718,136278.2465676178,18,rETH,Rocket Pool ETH,18,"","",prod,Gnosis_ParaSwap,false
0x0011db509b42040f103fdc9e54c72b4a1593bfe6eba98bf28ff6b5da4b1d1442,0x149d0f9282333681ee41d30589824b2798e9fb47,1668424343,12533763996,2.078581103071797e15,2.9235278884162816e17,2.983806267650655e17,0xae7ab96520de3a18e5e111b5eaab095312d7fe84,0xeeeeeeeeeeeeeeeeeeeeeeeeeeeeeeeeeeeeeeee,0x423521a9865d7228135e281ac9593fd94e258b57597788d0d977278b14c8fa11e6d752e24f2ecbdaa8c2a750e4bdc62d704d6d41637239b0,0.2923527888416282,0.29551678859818165,367.92020788166485,349.9209544311041,18,stETH,Liquid staked Ether 2.0,18,"","",prod,PLM,true
0x0010512afd15f41a283ef403b688f264116a15a7985b5b79f5aa182b5499c796,0x731a0a8ab2c6fcad841e82d06668af7f18e34970,1666923959,8874770170,2.260032337501166e17,1.771165468125084e15,6.26288619702877e17,0xba100000625a3754423978a60c9317c58a424e3d,0xeeeeeeeeeeeeeeeeeeeeeeeeeeeeeeeeeeeeeeee,0x3aed325654466d244b5b98ed64edc59195e93d5a62536eee45e70bc7de8ba350bad3d774c81cf7c4d7d73400c815272ca4b47417635b4210,0.001771165468125084,0.0,2.6787816828634785,0.0,18,BAL,Balancer,18,"","",prod,QuasiModo,true
0x000bf8450565625750856df9c180af4889bffdb5a184e2ea1dde9fde9672094c,0xb20b86c4e6deeb432a22d773a221898bbbd03036,1671210503,25541550547,1.04460114180883e19,1.2361226628544458e16,3.611540400644511e19,0xd533a949740bb3306d119cc777fa900ba034cd52,0xeeeeeeeeeeeeeeeeeeeeeeeeeeeeeeeeeeeeeeee,0x83bf72bc829685584a549dfe6f5ea6001ccfeb71da28503e947d87bfc3f75088ac60410e7be09241f08643d9ce51570137e57683639ca653,0.012361226628544457,0.017346458661178246,14.726221010249539,20.602453688650026,18,CRV,Curve DAO Token,18,"","",prod,Gnosis_1inch,true
0x000dff664c21a7ea7f3e309bcedbc3710ab439513eff5444cf0f511017b00112,0xc9ec550bea1c64d779124b23a26292cc223327b6,1658988565,8036426868,3.922590218142552e18,1.0535384103684794e17,1.3504764220267664e20,0xd533a949740bb3306d119cc777fa900ba034cd52,0xeeeeeeeeeeeeeeeeeeeeeeeeeeeeeeeeeeeeeeee,0x60eaf21e681b548d22aecc2ca104f8439b2cf9e21dfa44231d068ec9c0e8cdd8b1c6bcd66322e1d21ac1bd71ffc6b570a1e67b8062e22c8d,0.10535384103684793,0.10638689807018134,173.55531138702858,174.5390435643248,18,CRV,Curve DAO Token,18,"","",prod,Otex,true
0x001388f4623d13d7d09dbcb0041e2a6cfb83510807054adb0d52a8aaeecaebb9,0xe58c68679e7aab8ef83bf37e88b18eb1f6e30e22,1655035293,24718105993,5.133978911308026e18,1.314159469510633e17,2.2339757641210085e20,0xd533a949740bb3306d119cc777fa900ba034cd52,0xeeeeeeeeeeeeeeeeeeeeeeeeeeeeeeeeeeeeeeee,0x14e735cd5577cc00f026cd057f91f401c27f7f1c3d29f2535314eaa4976975d9a73bcfb3129b8350e02c05447fe1b30f677aeb7f62a5dc84,0.1314159469510633,0.13327283269270496,192.87752835747642,195.31644242563516,18,CRV,Curve DAO Token,18,"","",prod,PLM,false
0x0005334e7590474ec9099f1624bd707bde659385e106768b481286e7a660cece,0xe92f359e6f05564849afa933ce8f62b8007a1d5d,1640265898,71648771670,18462945.0,3.719873966874461e17,1491357283.0,0xdac17f958d2ee523a2206206994597c13d831ec7,0xeeeeeeeeeeeeeeeeeeeeeeeeeeeeeeeeeeeeeeee,0x1dbc03077f594195dd0909cb68a1417b09d0bb1c15aeaabc3175f089f024461abfa43bf6e9fb6d5cc253ff23c31f2b86a739bb9861c47ec8,0.37198739668744607,0.3773944083667799,1469.9902832022617,1491.357283,6,USDT,Tether USD,18,"","",prod,Gnosis_0x,false
0x0009cdacc6f9aaa63e4a4de0c32ebe37583cf02814c0598e0abd9a27c211f1de,0xc9ec550bea1c64d779124b23a26292cc223327b6,1661033867,10026273297,1.750094330752039e18,1.8847968853356376e16,1.1132940857458858e19,0xdc0327d50e6c73db2f8117760592c8bbf1cdcf38,0xeeeeeeeeeeeeeeeeeeeeeeeeeeeeeeeeeeeeeeee,0xbed713b494bc5fe0682388aeb4afbaa3ddfeed7e917ccc7ba945a645aa479f7faad1ca5c32aa76548dd96b58323d87a60188a1aa6301646c,0.018847968853356375,0.0,29.77482679453067,0.0,18,STRNGR,Stronger,18,"","",prod,Otex,true
0x000d7ed87e1b29ad7e6d9886b88e60c6789b3de454e406cdb4c712277fdd2c9f,0x15f4c337122ec23859ec73bec00ab38445e45304,1651090452,57341341224,1.6776136654747708e22,3.178013213931155e19,2.0e25,0xe80c0cd204d654cebe8dd64a4857cab6be8345a3,0xeeeeeeeeeeeeeeeeeeeeeeeeeeeeeeeeeeeeeeee,0x17d8387cd85d61f81d53166ec74021e2acdb1cab6bd2b06642ee132e36230bd435e3564c86bc0b5548a3be3a9a1e71eb1455fad26269aadf,31.78013213931155,31.471855047716446,91099.43488790067,89664.67710810565,18,JPEG,JPEGd Governance Token,18,"","",prod,Gnosis_ParaSwap,false
0x00008e5e87877e38a3855e208d61d5d859ff6b2895be7cd358b3c121b10ec807,0xa21740833858985e4d801533a808786d3647fb83,1670299751,13098041329,3390951702.0,9.45488695311434e15,2.1203071296e10,0xfc4913214444af5c715cc9f7b52655e788a569ed,0xeeeeeeeeeeeeeeeeeeeeeeeeeeeeeeeeeeeeeeee,0xbc6a06f7ce5f30787f69f6a79c653d6eb742982df01a22b2eaceb10c52990f01f90f56afa1dae825db57fc305b2f8f1ccf337531638ec720,0.009454886953114342,0.01134995880813041,11.95997174656576,14.357202336716174,9,ICSA,Icosa,18,"","",prod,Laertes,true
0x00068e837613a6aa442418619a069c3e219625e4a7bde5a9fbaa978788ad294f,0xc9ec550bea1c64d779124b23a26292cc223327b6,1671479267,12038775590,3446937.0,6.767750997909e21,1000000000.0,0xa0b86991c6218b36c1d19d4a2e9eb0ce3606eb48,0xf4d2888d29d722226fafa5d9b24f9164c092421e,0x686475cfe93ff5a5e93fbd4de5258df15b78e9d2dc3d08b16e529169c2a88e7d8ca31d00d603bbd2778a173d1671592aaf75d22463a0c6bf,0.8466051736163931,0.8537731102943202,991.6044009919026,1000.0,6,USDC,USD Coin,18,LOOKS,LooksRare Token,prod,Otex,true
0x0004ffeb0bbfc6b1ff8976c8fdc730ec9a19a7ef438c47f8c5961f32987a0bcd,0x149d0f9282333681ee41d30589824b2798e9fb47,1661197209,23280051092,19754021.0,3.729420160912324e22,1.0e10,0xdac17f958d2ee523a2206206994597c13d831ec7,0xf4d2888d29d722226fafa5d9b24f9164c092421e,0x88d04b644b3b01d4de52bd5269305da084c6ef262b3fd6e79a71a3e438009db549ef549e7a2c0a300db56d31c0e242870e46e0146303e271,6.364485331059084,6.404087640674219,9947.053697804524,10000.0,6,USDT,Tether USD,18,LOOKS,LooksRare Token,prod,PLM,true
0x000a110c5eb20d9f482eb7a8993bdadb6db1af58e44f56f66fe4ab5276806078,0xe92f359e6f05564849afa933ce8f62b8007a1d5d,1645702255,58024729799,8297927.0,2.6105791591865324e22,4524918505.0,0xa0b86991c6218b36c1d19d4a2e9eb0ce3606eb48,0xf65b5c5104c4fafd4b709d9d60a185eae063276c,0x0982b5cd8be44b829db5ab1f5fb9372ea35e62f3f2780ba86f1c3e3e1dc036013ad20a7b65bfeee13046d9bdba3317420daf8b2f621770bc,1.8969592658307697,1.9273912927533356,4468.034326472162,4524.918505,6,USDC,USD Coin,18,TRU,Truebit,prod,Gnosis_0x,false
0x0002289c6e52338cbe45b7bae0979fb1f04517e6c4d36ca52ff9efe5fb646b39,0xe92f359e6f05564849afa933ce8f62b8007a1d5d,1638081266,75124045428,120127276.0,3.27826599016707e22,4.0e10,0xdac17f958d2ee523a2206206994597c13d831ec7,0xf938424f7210f31df2aee3011291b658f872e91e,0x6bce1925ab6d1ca0cc56c33d62ec3dd0a3454d6a559ac70f8a90f976f4572d999cf279a35439892e781b8cb32303888c91bf150061a32992,0.0,9.8693069243806,0.0,40000.0,6,USDT,Tether USD,18,VISR,VISOR,prod,Gnosis_0x,false
0x0004abf9ed7e540eb47459eccd66577fb286f29ccb68b74941c6c93a92020ee1,0xa21740833858985e4d801533a808786d3647fb83,1673714735,17736066801,8262454.0,1.0178629422738859e23,2500000000.0,0xdac17f958d2ee523a2206206994597c13d831ec7,0xfd0205066521550d7d7ab19da8f72bb004b4c341,0x627c1db9c68334d6c5058a6b622f59ff19d0a4c2efa1d44a4505040d1a74ef34fba2c5fbc2d491c76ec7f5dc18ab25e209085f5e63c2f354,0.0,1.636166173586196,0.0,2500.0,6,USDT,Tether USD,18,LIT,Liquidity Incentive Token,prod,Laertes,true
